id,aspect,summarize
637397cd39de7355c1044de5,交通_正,遇到的服務人員都非常親切，本來擔心停車場難停車，發現有代客泊車服務，非常專業。
637397cd39de7355c1044de5,交通_中,停車場很難開，路很窄要特別小心，而且沒有交管。
637397cd39de7355c1044de5,交通_負,飯店應積極協助住客，附近可停位置，而不是只說一句沒位置，就把問題留給客人。
637397cd39de7355c1044de5,早餐_正,整體環境都不錯，床好睡，還有貼心為女生設計了梳妝台，按摩師也很厲害，早餐好好吃，港式餐廳也好好吃，但是可惜了，游泳池和三溫暖沒有開放。
637397cd39de7355c1044de5,早餐_中,地理位置很好很方便，床很大很舒適，水壓很夠也很熱，空調也很好，只是車位較少但可以泊車，早餐內容的選擇性稍嫌少了一點，退房時間電梯要等比較久。
637397cd39de7355c1044de5,早餐_負,帶一歲的寶寶入住，房間內該有的設施都有，嬰兒床，澡盆，椅凳，消毒鍋，空氣清淨，體重機，鞋子烘乾機等，且房間內有一個平台，可以擺放消毒鍋，奶粉及奶瓶等，空間規劃舒適，飯店地點也很方便，走路就有很多餐廳及百貨公司，飯店人員服務態度友善，值得推薦。
637397cd39de7355c1044de5,房間_正,對有嬰兒同行的父母來說非常友善，除了房間升級成較大的房間之外，協助溫熱副食品及準備相關備品都很周到，感謝飯店服務人員。
637397cd39de7355c1044de5,房間_中,地理位置很好很方便，床很大很舒適，水壓很夠也很熱，空調也很好，只是車位較少但可以泊車，早餐內容的選擇性稍嫌少了一點，退房時間電梯要等比較久。
637397cd39de7355c1044de5,房間_負,若，領房卡入住時間無法正常於下午時段，需要留意房型，我住過很多次老爺酒店，印象和體驗都很滿意，服務員也很親切，因此這次依舊毫無疑問的選擇入住老爺酒店，但也是經過這次的體驗讓我接下來選擇酒店不會再毅然決然地選擇老爺酒店了。
637397cd39de7355c1044de5,服務_正,遇到的服務人員都非常親切，本來擔心停車場難停車，發現有代客泊車服務，非常專業。
637397cd39de7355c1044de5,服務_中,浴室很乾淨但老舊，電視台少，沒電影可看，但服務人員超級客氣，服務超級好。
637397cd39de7355c1044de5,服務_負,帶一歲的寶寶入住，房間內該有的設施都有，嬰兒床，澡盆，椅凳，消毒鍋，空氣清淨，體重機，鞋子烘乾機等，且房間內有一個平台，可以擺放消毒鍋，奶粉及奶瓶等，空間規劃舒適，飯店地點也很方便，走路就有很多餐廳及百貨公司，飯店人員服務態度友善，值得推薦。
637397cd39de7355c1044de5,設備_正,另外建議餐廳可使用自動手套機，否則一群人擠在手套盒前面又打不開手套，太薄，真的很困擾。
637397cd39de7355c1044de5,設備_中,設施方面，馬桶與浴室分開雖然是一個很棒的構想，但廁間的洗手檯無法置放肥皂或洗手乳，相當可惜。
637397cd39de7355c1044de5,設備_負,飯店靠近捷運中山站，停車場出入口雖位於巷內，但有方便的泊車服務，飯店人員服務親切有效率，周邊餐廳選擇多樣，聖誕節期間，漫步在中山北路，可以感受濃厚過節氣氛，是來台北一定會列入考慮的住宿地
637397cd39de7355c1044de5,價格_正,至少可以解釋一下因為疫情關係。
637397cd39de7355c1044de5,價格_中,訂的是不含早餐的價格，覺得很划算
637397cd39de7355c1044de5,價格_負,帶一歲的寶寶入住，房間內該有的設施都有，嬰兒床，澡盆，椅凳，消毒鍋，空氣清淨，體重機，鞋子烘乾機等，且房間內有一個平台，可以擺放消毒鍋，奶粉及奶瓶等，空間規劃舒適，飯店地點也很方便，走路就有很多餐廳及百貨公司，飯店人員服務態度友善，值得推薦。
637397cd39de7355c1044de6,交通_正,地點很棒，交通便利，距離龍山寺捷運站很近，萬華車站就在飯店樓下，停車場也很充足，無論是個人或是與好友，家人出遊都很合適。
637397cd39de7355c1044de6,交通_中,位於萬華火車站的上方，捷運板南線龍山寺站旁，距離龍山寺及艋舺夜市很近，前方有星巴克萬華林宅店，有專用免費停車塔，無論交通，停車，逛街和餐飲等都非常方便。
637397cd39de7355c1044de6,交通_負,台北停車真的很不方便，我們從外地去的，搜尋關鍵字有特定選擇停車場，可是到了才發現，他的停車場是在有一段距離的停車塔，因為有帶小孩還有行李，停車塔規定只能一個人進去，連行李都要先下，重點是停車塔服務人員態度差又不耐煩，停車花了一小時的時間，我們剛好最後一台，後面還有十台左右在排，他有規定停進去到退房都不能取車，還說附近這麼方便搭交通工具就好不需要開車，隔天可以，點再退房，一樣排停車位又等了快兩個小時，只能爸爸一個人去，媽媽帶著小孩跟行李在遠方的大廳等，有小孩跟要停車的非常不推薦，清潔度跟友善度都很不錯，也真的是交通便利，附近什麼都有。
637397cd39de7355c1044de6,早餐_正,連續入住，晚，住宿感受都很好，飯店與萬華車站共構，交通很方便，離龍山寺捷運站也只有步行約，分鐘的時間，周邊美食很多，入住部分，程序都很迅速，大廳寬敞乾淨，坐在沙發也很舒適，飯店人員態度都很友善，出入門都有人員協助開門，離開房間遇見清潔人員，他們也會親切的打招呼，房間清潔也都一絲不苟，很棒。
637397cd39de7355c1044de6,早餐_中,飯店的地點非常的好，不管是車站還是捷運站都非常的近，周邊商圈購物也很方便，走路，分鐘還有夜市可以逛，飯店人員服務態度很好也很貼心，提供的自助式早餐總類多也很好吃，下次一定會在選擇凱達。
637397cd39de7355c1044de6,早餐_負,值爆高，用便宜的價格住到高級的飯店，常住飯店的人就知道為甚麼我會這麼說，服務很好，員工態度讓你感覺賓至如歸，位置方便，飯店就在萬華火車站上面，還有專用停車場，景觀超讚，大力推薦給喜歡住高樓層的人，客房都是，樓起跳，白天晚上都很美，設施多樣，每個房間都配有一顆中高階藍芽音響，讓住宿品質更加提升，樓還有酒吧跟餐廳，唯一的一個小小小缺點是房間格局稍微小了點，但基本配備還是有一張小沙發跟桌子，總評，特優，個人私心太喜歡這家。
637397cd39de7355c1044de6,房間_正,連續入住，晚，住宿感受都很好，飯店與萬華車站共構，交通很方便，離龍山寺捷運站也只有步行約，分鐘的時間，周邊美食很多，入住部分，程序都很迅速，大廳寬敞乾淨，坐在沙發也很舒適，飯店人員態度都很友善，出入門都有人員協助開門，離開房間遇見清潔人員，他們也會親切的打招呼，房間清潔也都一絲不苟，很棒。
637397cd39de7355c1044de6,房間_中,飯店很新房間很棒，但需要保留較長時間辦理入住手續，服務人員很努力消化人潮請多點耐心，房間的配置很新穎很舒服，浴室廁所是分開的很棒。
637397cd39de7355c1044de6,房間_負,只有面淡水河房間景觀好這個優點的飯店，只有面淡水河房間景觀好這個優點的飯店，這次去入住，一共住了兩天，分別是，與，兩天去都遇到了幾個問題，第一是電梯不夠，間房的等級，只有，台電梯，還非高速電梯，這電梯還要混載一般用餐與會議的旅客，去停車塔除了繞一圈，也是只能搭電梯從，樓走空橋，尤其泳池與健身房在，樓，而電梯是奔違停高樓層與低樓層的，因此一半的電梯不停八樓，所以所有去健身房或與池的高樓層旅客，都得先搭電梯到五樓以下，再換低樓層電梯到八樓，這也導致低樓層電梯有超過兩倍房客的使用量，加上拉行李的，有的穿著濕濕的泳衣圍毛巾的，甚至還有拿泳圈的，這也導致電梯的效率更加惡化，第二是人力不夠，這次入住沒用旅遊補助而是透過訂房網站，可是，的入住要花一個多小時，的入住也要排隊花超過，分鐘快，分鐘，這效率很差，前台也少，這兩次入住也花了大量時間在早餐的取餐上面，因為餐廳的人力嚴重不足，導致玻璃杯是空的，餐檯一堆是空的，連麵包都是空的，牛奶，豆漿，汽水也是空的，連稀飯都是空的，只有咖啡機的咖啡渣是滿的，然後當然也沒有人力去清理，只能說我的天呀，但是這是牌價一人，元的早餐喔，第三是退房時，機車停車卡不能比照汽車直接消磁，還得去停車塔人工消磁，去停車塔還得出示訂房的訂單才可以，第四是房間的清潔不好，入住的，房，施工的電線在浴室屋頂與洗手台下是外露的，此外牆壁上爬滿了白色的蚜蟲，最後用衛生紙幫它們殺死的幾時上百隻的蚜蟲，這也與房間浴室設計缺乏通風排氣設備有關，所以浴室一弄濕就是師道第二天早上，這與習慣的日系飯店都有強制換氣廁所不同，第五是房間的隔音不好，隔壁與門外常會聽到有人喧嘩，甚至連一般門外對對話偷聽得到，例如道早安，詢問是否是退房，是否還會回來，是否可以進行打掃，第六是健身房泳池沒人顧，員工自己在健身房裡聊天吹冷氣運動，而非在門外看房卡量體溫那些，第七是水量不是很足，所以浴缸要放水得要十多分鐘，夠你沐浴完身體，可先去上個大號再回來泡澡，第八是房間只有兩瓶便宜的波爾水與，咖啡包，其他甚麼，軟性飲料等宣傳的都沒有，所以請花時間搭電梯去旁邊的，或是萬華車站裡的全家購買，第九是開門關門，房內電源就會切掉，這對於房內舒適度是有很大的差異，上面九點就是主要的缺點，優點部分，其一是有高樓層優勢，對淡水河那面還算不錯的視野，不過這優點凸顯在大稻埕花火節這一天上，其二是床的舒適度不錯，不過羽絨枕就比較差，沒多久就坍了，棉被較不透氣，因此空調開，度會流汗，其三是其中一邊的床頭提供有，充電孔，可以方便你幫手機充電，不過有點接觸不良，此外也不具備大電流高速充電的機能，其四是有平面停車場供機車停車，雖然主要目的是供月票員工停車的，但是是少數有機車停車場的飯店。
637397cd39de7355c1044de6,服務_正,房間乾淨明亮，服務良好，帶寶寶辦理入住服務人員親切協助，非常感謝。
637397cd39de7355c1044de6,服務_中,價格便宜，房間設備，整潔，人員服務都很好，比某些價格更高的飯店好多了。
637397cd39de7355c1044de6,服務_負,歲及，個月，分別租了一間，人房一間，人房冇包早餐，第一天我們去了，自己，早餐那邊員工態度非常好尢其一位帶眼鏡的女員工超幫忙好體貼客人，當日我冇留意她的姓名因我本以為每位員工都是這樣，但第二天我們去試試自助早餐就發現貴飯店的員工態度極參差不一，我們的房間是沒有包早餐需要先付款後安排進入，先說在大門外安排的女員工態度不友善甚至可以說是黑住臉工作，本人明白早餐時段較為人多但以貴飯店的名聲那，人左右在等待安排入坐絕對不成問題。
637397cd39de7355c1044de6,設備_正,綜上，商務或家庭出遊簡易住一晚，以相同價格來看相當划算，但要享受星級飯店設備及服務的旅客，可真別抱太大期待。
637397cd39de7355c1044de6,設備_中,價格便宜，房間設備，整潔，人員服務都很好，比某些價格更高的飯店好多了。
637397cd39de7355c1044de6,設備_負,飯店公共設施相對較少，就是基本的泳池，健身房，兒童遊戲室，停車場在對街停車塔，停車塔速度算快，有空橋可直通飯店，飯店客房樓層多，電梯數量一邊各三台應該還算足夠，房間比想像中小一些，但也是中規中矩該有的都有，還有一個小沙發可看電視，在床上就沒辦法看了，擺設位置關係，早餐是自助式，菜色滿多樣的。
637397cd39de7355c1044de6,價格_正,平日住宿價格優惠，性價比高，房間舒適，離捷運站近，交通方便，要去龍山寺區域走走很方便，也好停車。
637397cd39de7355c1044de6,價格_中,這價格可以住到凱撒系列酒店十分划算，房間不大但空間安排得宜也不擁擠，設備裝潢都很新，飯店還有游泳池跟健身房可以使用，不含早餐的價格很便宜。
637397cd39de7355c1044de6,價格_負,值爆高，用便宜的價格住到高級的飯店，常住飯店的人就知道為甚麼我會這麼說，服務很好，員工態度讓你感覺賓至如歸，位置方便，飯店就在萬華火車站上面，還有專用停車場，景觀超讚，大力推薦給喜歡住高樓層的人，客房都是，樓起跳，白天晚上都很美，設施多樣，每個房間都配有一顆中高階藍芽音響，讓住宿品質更加提升，樓還有酒吧跟餐廳，唯一的一個小小小缺點是房間格局稍微小了點，但基本配備還是有一張小沙發跟桌子，總評，特優，個人私心太喜歡這家。
637397cd39de7355c1044de7,交通_正,內部房間重新整修，所以房內設施都蠻新的，門口就捷運站，所以交通非常方便，距離小巨蛋也是步行就可以到的，週邊有餐廳，便利商店，美妝店，便利性高。
637397cd39de7355c1044de7,交通_中,捷運出口近，飯店樓下有好吃的麵包店，看小巨蛋演唱會不用人擠人坐捷運回家
637397cd39de7355c1044de7,交通_負,南京復興站出站即到，去小巨蛋步行也是，分鐘可到的範圍內，不用看完演唱會還要跟人擠捷運，附近生活機能良好有缺少什麼生活用品要買也不是問題，餐廳吃的也多距離遼寧夜市也是走一下就到了，這次還有使用傳真功能，張，塊比小七便宜直接在櫃台就能完成，早餐豐盛會有專門的人負責帶位，停車的話要從慶城街進來導航飯店地址會找不到入口錯開用餐時間的話會比較容易有車位，退房時將停車單給櫃台蓋章即可免費停車。
637397cd39de7355c1044de7,早餐_正,交通方便，一下樓便是捷運站跟公車站，距離小巨蛋走路只要，分鐘，附近很多餐廳，房間乾淨，床好睡，服務很好，早餐好吃，有停車場，樓下麵包店的草莓大福好好吃，總的來說真的無可挑剔。
637397cd39de7355c1044de7,早餐_中,交通位置佳，緊臨捷運站，開車前來也有地下停車場可以停，但停車場入口位置比較不好找，服務人員整體素質良好，櫃檯人員訓練有素，應答得體，防疫措施也很好，出入都有量體溫，清潔人員也很親切，做事細心不馬虎，客房乾淨且安靜，備品齊全充足，早餐有，的美式早餐或是，的自助早餐，簡單豐盛又美味，這次清明連假台北住宿兄弟大飯店，價格合宜，值很高。
637397cd39de7355c1044de7,早餐_負,一直以來對住宿選擇都次新飯店為首選，這次為了看音樂劇，在沒有太多時間考慮下選了老牌飯店，兄弟飯店，沒想到兄弟飯店不僅交通方便距離小巨蛋步行五分鐘左右，而且飯店內有多樣的餐廳可以選擇，最重要的是房間全部翻新裝潢過，沒有老舊飯店的粉塵或異味問題，設計簡潔大方，床鋪非常好睡，房間乾淨備品齊全，服務人員態度親切，全家人都十分滿意，非常推薦這個台灣本土品牌的飯店。
637397cd39de7355c1044de7,房間_正,交通方便，一下樓便是捷運站跟公車站，距離小巨蛋走路只要，分鐘，附近很多餐廳，房間乾淨，床好睡，服務很好，早餐好吃，有停車場，樓下麵包店的草莓大福好好吃，總的來說真的無可挑剔。
637397cd39de7355c1044de7,房間_中,老牌飯店，位置極佳，停車吃飯時間要排很久，最好避開吃飯時間，旁邊有慶城街一號很多吃的可以選擇，房間乾淨，性價比極高，非常推薦。
637397cd39de7355c1044de7,房間_負,一直以來對住宿選擇都次新飯店為首選，這次為了看音樂劇，在沒有太多時間考慮下選了老牌飯店，兄弟飯店，沒想到兄弟飯店不僅交通方便距離小巨蛋步行五分鐘左右，而且飯店內有多樣的餐廳可以選擇，最重要的是房間全部翻新裝潢過，沒有老舊飯店的粉塵或異味問題，設計簡潔大方，床鋪非常好睡，房間乾淨備品齊全，服務人員態度親切，全家人都十分滿意，非常推薦這個台灣本土品牌的飯店。
637397cd39de7355c1044de7,服務_正,交通方便，房間乾淨整潔舒適，服務人員親切。
637397cd39de7355c1044de7,服務_中,櫃台人員很主動服務，有時候就是這種快速的服務，親切的態度，讓人感覺很好。
637397cd39de7355c1044de7,服務_負,一直以來對住宿選擇都次新飯店為首選，這次為了看音樂劇，在沒有太多時間考慮下選了老牌飯店，兄弟飯店，沒想到兄弟飯店不僅交通方便距離小巨蛋步行五分鐘左右，而且飯店內有多樣的餐廳可以選擇，最重要的是房間全部翻新裝潢過，沒有老舊飯店的粉塵或異味問題，設計簡潔大方，床鋪非常好睡，房間乾淨備品齊全，服務人員態度親切，全家人都十分滿意，非常推薦這個台灣本土品牌的飯店。
637397cd39de7355c1044de7,設備_正,內部房間重新整修，所以房內設施都蠻新的，門口就捷運站，所以交通非常方便，距離小巨蛋也是步行就可以到的，週邊有餐廳，便利商店，美妝店，便利性高。
637397cd39de7355c1044de7,設備_中,飯店內的餐廳名氣都不錯，如果飯店有游泳設施更好。
637397cd39de7355c1044de7,設備_負,服務人員親切協助辦理提早三小時入住，房間非常乾淨浴室備品齊全，一樓早餐比預期的好吃，餐廳服務人員同樣親切熱情，同等價位的飯店很少有這麼好的服務。
637397cd39de7355c1044de7,價格_正,價格划算，早餐有兩種餐廳可以選擇，距離小巨蛋真的蠻近的，附近超商，康是美的屈臣氏，肯德基，麥當勞，都有，而且都超近，房間乾淨。
637397cd39de7355c1044de7,價格_中,早餐中規中矩，晚上，過後夜宵牛肉麵驚豔，自費，飯店內多樣餐廳可選擇，交通便利旁邊就是捷運站。
637397cd39de7355c1044de7,價格_負,一直以來對住宿選擇都次新飯店為首選，這次為了看音樂劇，在沒有太多時間考慮下選了老牌飯店，兄弟飯店，沒想到兄弟飯店不僅交通方便距離小巨蛋步行五分鐘左右，而且飯店內有多樣的餐廳可以選擇，最重要的是房間全部翻新裝潢過，沒有老舊飯店的粉塵或異味問題，設計簡潔大方，床鋪非常好睡，房間乾淨備品齊全，服務人員態度親切，全家人都十分滿意，非常推薦這個台灣本土品牌的飯店。
637397cd39de7355c1044de8,交通_正,交通，交通便利，旁邊就是車站，開車有免費停車場，覓食，對面全家，車站地下街美食街，環境，非常舒服乾淨，景色，樓夜景非常美，房間也能看到街景，很怕低噪音的我，半夜沒有聽到任何空調聲音，一覺好眠。
637397cd39de7355c1044de8,交通_中,不喜歡開車，喜歡機車小旅行的，這裡也有機車停車，在鬧區中央，晚上看完電影走回飯店很舒服。
637397cd39de7355c1044de8,交通_負,中午，點，後還有車位，晚上吃個飯回來，點就沒車位了，沒辦法就排隊等車位，等了，分鐘，服務人員雖然有提醒說紅線不能停車，但是也沒告如何處理沒停車位的問題，甚至沒有說哪裡有停車場，丟給房客自己處理，結果果然被警察驅離，只好去外面找付費車位，跑第一家停車場有提醒無法過夜，還好有告知去哪裡可以停車，停好後停車費我想應該不少，回飯店員是否有停車補貼之類的，因為之前住馥都飯店雖然也是車位滿了，但是有給附近停車場地圖，還可以拿發票退現金，凱撒服務人員說沒有辦法，只能排隊乾等，我是有等啊，那你叫警察不要趕人阿，那就算了，後來出去買東西，看到有車子開進來直接請服務人員停飯店外圍，忽然發現自己乖乖等車位像個笨蛋。
637397cd39de7355c1044de8,早餐_正,因為很在乎整潔程度所以訂了這間五星級的飯店，首先交通位置真的很棒，離車站很近，看完新北耶誕城可以馬上回到飯店休息，大廳有漂亮的聖誕樹，設備及環境都很不錯，人員服務態度也很親切，但是進房後有沒清走的，已穿過拖鞋，水龍頭上有明顯水漬，沙發上也很多疑似食物屑屑，希望以後整潔度可以多注意一下，相信整體會更有品質，也才能夠符合大家心中的五星級。
637397cd39de7355c1044de8,早餐_中,設施以及房間都很整潔，櫃檯服務人員態度有待加強以及停車位供不應求，清潔人員很親切有服務熱忱。
637397cd39de7355c1044de8,早餐_負,進飯店前好險標示算清楚停車場的位置很好找，順著指示找到了停車位很滿意，車道夠大，車位夠多，進了電梯感覺很明亮很乾淨，大廳的風格也是一樣，新飯店就應該如此，櫃檯人員也很親切的解說飯店設施，房間內整理的很乾淨，床也很，彈，美中不足的地方是，從大廳到停車場的電梯只有一台，遇到人多時要等等，整體而言對於這次的住宿體驗相當滿意的。
637397cd39de7355c1044de8,房間_正,從入住到退房感受都很棒，服務人員和員工很親切有禮貌，有任何需求向櫃檯反應都能協助，房間整潔乾淨，隔音很好，床和枕頭也很舒適，浴室乾濕分離，浴缸很大，地理位置棒，挑不出任和缺點的飯店。
637397cd39de7355c1044de8,房間_中,入住等很久，一定要等到三點才有房間，房間寬敞，浴室很乾淨，服務人員態度很好，下雨沒法使用游泳池，可惜連三溫暖都沒有。
637397cd39de7355c1044de8,房間_負,可是我們是半小時之前就有打電話請您們幫忙確認有沒有撿到包包，然後到飯店發現好像沒有人在處理這件事，又等了半小時才拿到包包，因為我們不是住附近，我們是住中部，我們也不知道飯店說要幫我們確認是要確認到何時才會答覆我們，且說真的我們是早上，點多就退房，房務人員應該是在我們退房後就可以進房整理，那時應該就會看到遺落的包包，應該在很快的就可以試著聯繫我們，但卻沒有。
637397cd39de7355c1044de8,服務_正,人員服務態度好，乾淨清潔，頂樓的游泳池保持得很乾淨，早晨有上去游泳，人員服務態度都很棒。
637397cd39de7355c1044de8,服務_中,設施以及房間都很整潔，櫃檯服務人員態度有待加強以及停車位供不應求，清潔人員很親切有服務熱忱。
637397cd39de7355c1044de8,服務_負,早上持續一小時的施工噪音睡眠中被吵醒，聯絡客服人員後僅回應說應是隔壁飯店趕工中所製造的噪音，無改善，另外帶幼兒同行，飯店無提供任何兒童備品，洗澡椅，毯子等因不足也無法提供，親子親善度不佳，且員工對於噪音或無法提供的服務其態度及語氣較為冷淡，不像五星飯店應有的服務品質，或許是新開幕訓練不足，期待未來可以更好。
637397cd39de7355c1044de8,設備_正,飯店服務人員很親切，房間也很乾淨整潔，隔音不錯唯一會讓我詬病的是冰箱的裝設位置在櫃子裡無法排熱導致冰箱內溫度非常高，東西都不會冰。
637397cd39de7355c1044de8,設備_中,設施以及房間都很整潔，櫃檯服務人員態度有待加強以及停車位供不應求，清潔人員很親切有服務熱忱。
637397cd39de7355c1044de8,設備_負,很大窗簾拉起來都覺得是陰天，當時住九樓，晚上會突然聽到機械聲，但是不是很大聲，對睡眠影響不大，手機可以直接用藍芽連電視，但是每一間的房間電視名稱都一樣，很常看到一半畫面被其他房客的手機連走，飯店內沒有飲水機，水要自己買不太方便，房間很乾淨，有泳池的飯店性價比應該是凱撒，值最高了，有機會會再去消費。
637397cd39de7355c1044de8,價格_正,臨時起意訂了飯店，雙人房價約，元，雖然，稍嫌單調，浴缸也有點小，但以這個價位，可以享受到房間的舒適，夜景，仍是很超值。
637397cd39de7355c1044de8,價格_中,地理位置優良，旁邊三鐵共構，交通方便，櫃台人員親切，房間還免費升等，房內整潔乾淨，真的非常推薦，有機會絕對會再次入住。
637397cd39de7355c1044de8,價格_負,首先是停車場的電梯等待時間過長，電梯內也略感空氣悶熱，房間很大也很舒適，櫃檯人員都算有禮貌，但不知是否因為剛開幕不久，櫃檯人員口誤我們的房間樓層，我們疑惑詢問，櫃檯人員也只是裝沒事，有失凱撒飯店的水準，或許再稍加訓練即可改善，又由於隔壁即為同集團的趣淘飯店，趣淘價格較為便宜，顯得凱撒性價比稍有不足，希望未來能再提升水準以符合五星級飯店價格的期待
637397cd39de7355c1044de9,交通_正,地理環境很方便，交通便利，有地鐵，飯店周邊有許多商圈可逛，下次會再去住。
637397cd39de7355c1044de9,交通_中,這間飯店的位置相當不錯，週邊生活機能也好，也相當適合外地人到此觀光旅遊，整體乾淨也大，部過若說有缺點大概是尖峰時期早餐用餐地點的座位比較少座位，可能會被編制到旁邊一起營業的火鍋店內座位區，除此之外我覺得相當不錯。
637397cd39de7355c1044de9,交通_負,深夜入住詢問何處停車，僅冷漠回覆沒有配合停車場，自行尋找後發現就在隔壁有地下停車場，但深夜視線不佳，亦無燈光標示，工作一天甚是疲憊，一時未察，繞了一大圈尋找回來才看到，唉，服務業是不容易，但提醒一聲，隔壁可以自費停車，讓旅客不必再費心找車位亦不難吧。
637397cd39de7355c1044de9,早餐_正,地理位置便利，周邊餐飲也相當方便，住宿品質體驗良好，未來去台北住宿的不二首選。
637397cd39de7355c1044de9,早餐_中,這間飯店的位置相當不錯，週邊生活機能也好，也相當適合外地人到此觀光旅遊，整體乾淨也大，部過若說有缺點大概是尖峰時期早餐用餐地點的座位比較少座位，可能會被編制到旁邊一起營業的火鍋店內座位區，除此之外我覺得相當不錯。
637397cd39de7355c1044de9,早餐_負,硬體方面，飯店大廳裝潢不比一般飯店差，設有公共飲水機很加分，不像一般飯店會有房間服務，我住兩晚，第一晚整理房間時房務人員幫我少備了棉花棒，但晚上時房務人員已下班因此只能自己去櫃檯拿，這點對我而言很麻煩，捷運站出來就是飯店，十分方便，服務方面，櫃台人力較少，入住時很多人在申請國旅補助，服務人員也非常有耐心地向旅客解釋詳細解釋來龍去脈，另一方面，我自己去辦理入住時，一旁的服務人員也會前來協助我，我覺得服務很棒，值得讚許。
637397cd39de7355c1044de9,房間_正,餐廳清幽乾淨，位置寬闊，房間整潔舒適，隔音好，一覺到天明，位置又方便，買師園回房間吃，以後都決定要住這裡，自助式，有夠方便。
637397cd39de7355c1044de9,房間_中,地點超讚的，捷運站，號出口錢櫃旁就到了，西門町就在附近，超近的，要逛街很方便，酒店裡服務人員態度親切，房間也很乾淨，下次去台北會想再住這裡。
637397cd39de7355c1044de9,房間_負,這次的房間不知道為什麼被安排到兩張大床，看起來是家庭房，和原本預定的不同，因為在入住時是採取自助，螢幕顯示房間還沒打掃完，和現場人員反應後，到了房間才發現是四人房，我們猜是因為房間還沒清潔完這個原因才給我們四人房，而不是原本的雙人房，這原本是好事，但是房間的灰塵多，電視的顏色不知道是老舊還是壞掉，人都黑黑的，床旁邊的沙發陷下去，沒人敢坐，我覺得原本自己預定的雙人房可能還比較好，上次住的就是雙人房，整體都很棒，反倒覺得不要升級大房可能比較好，不然這種品質真的會讓人不敢再去。
637397cd39de7355c1044de9,服務_正,捷運西門站，房間乾淨清潔，方便在西門町購物吃飯，服務人員亦很親切。
637397cd39de7355c1044de9,服務_中,酒店有代收網購，而且買到要冷藏的手信，也有冰櫃幫你收藏，因為夜機回家，冷凍食物要冷藏起來，原來酒店也有代客冷凍服務，很貼心呢，房間各設備都很新很乾淨，要保持質素哦。
637397cd39de7355c1044de9,服務_負,硬體方面，飯店大廳裝潢不比一般飯店差，設有公共飲水機很加分，不像一般飯店會有房間服務，我住兩晚，第一晚整理房間時房務人員幫我少備了棉花棒，但晚上時房務人員已下班因此只能自己去櫃檯拿，這點對我而言很麻煩，捷運站出來就是飯店，十分方便，服務方面，櫃台人力較少，入住時很多人在申請國旅補助，服務人員也非常有耐心地向旅客解釋詳細解釋來龍去脈，另一方面，我自己去辦理入住時，一旁的服務人員也會前來協助我，我覺得服務很棒，值得讚許。
637397cd39de7355c1044de9,設備_正,地理位置很棒，房間跟設施都乾淨整潔，唯有找電梯很像迷宮，飲水機也很少。
637397cd39de7355c1044de9,設備_中,飯店位置極佳，服務人員的態度也非常好，房間大小適中偏小但設施很，唯綜合型大樓樓層與其他營業場所共用較缺乏隱私不太好。
637397cd39de7355c1044de9,設備_負,房間都會聽到別房的水聲還有吹風機聲音，另外房間還會發出嗶嗶的聲音，可能是冷氣的聲音或是感測電燈的，壞掉的聲音，影響睡眠品質。
637397cd39de7355c1044de9,價格_正,房間很舒適很乾淨，員工服務態度好，位置方便，旁邊就是車站，性價比高，一定會介紹給朋友，信心之選。
637397cd39de7355c1044de9,價格_中,價格，地點都非常好，房間雖然不大但五臟俱全，早餐是自助式的，不算非常豪華但很豐盛一定能選到喜歡的食物。
637397cd39de7355c1044de9,價格_負,想說一開始我是想用最便宜的方式找住宿，看到飯店那麼便宜，就拉高了一點預算，畢竟要找到那麼便宜的飯店真的很難，當作一次飯店住宿體驗原本訂房時只有三個人要住宿，房價，包三人早餐，臨時決定要多加一位朋友，打電話問了飯店說要加，才可以換成，人房。
637397cd39de7355c1044dea,交通_正,鄰近捷運中山站，號出口，從北車來可走地下街，出口，位置很方便，且靠近商圈，容易覓食及交通。
637397cd39de7355c1044dea,交通_中,房間也是蠻乾淨的，早上睡過頭隔壁也有早餐店飲料店對面還有，北車也在附近，值真的很高。
637397cd39de7355c1044dea,交通_負,本次旅遊是去旅遊兼看展覽的，其實台北旅遊是不需要開車的畢竟大眾交通是非常方便的，但因為第一天要去的九份如果搭車上去就真的不太方便了，而且目前台北停車費真的價格不菲，但是剛好青旅斜對面就有一家停車場價格也算便宜，聽出場出口旁就剛好有捷運紅線中山站。
637397cd39de7355c1044dea,早餐_正,訂房附的早餐是文青早餐名店，好初早餐，的早餐，有三種口味可以擇一，真的非常超值喔。
637397cd39de7355c1044dea,早餐_中,缺點是熱水真的很爛，斷斷續續地，水壓和溫度很不穩，這幾天台北剛好變天感受更加明顯，希望能盡快處理。
637397cd39de7355c1044dea,早餐_負,館內各處都是一塵不染，每天都能看到管理人員非常確實的做好消毒與清潔，廚房設備一應俱全，整理得比外面餐廳還乾淨衛生，房間採光超好，打掃得窗明几淨，一點灰塵都沒有，房內插座充足，床舖很好睡，空間也非常足夠，冷氣沒有發霉也沒有臭味更是安靜無聲的運作又足夠涼冷，夏天晚上睡起來真的非常舒服。
637397cd39de7355c1044dea,房間_正,值超高的青年旅館，小管家個個都好親切，房間，盥洗室，交誼廳環境乾淨，舒適，文藝展覽區，入住旅人整個都文青起來，簡易早餐一早溫暖旅人的胃。
637397cd39de7355c1044dea,房間_中,這次住的是六人房上下舖房型，旅館位置交通方便也很熱鬧，令人印象深刻的是共用衛浴非常乾淨，一點發霉和水垢都沒有，對於背包客房型共用衛浴而言，能打掃得這麼乾淨表示服務人員真的有很認真維持整潔。
637397cd39de7355c1044dea,房間_負,這家住宿真的是無意之間找到的，我覺得性價比非常高，除了設備齊全環境簡潔乾淨，真的無可挑剔，真的要說我必須要說車流量太大所以靠窗的地方真的很吵，我搬進去時真的睡不好覺，但自己又不能住那種無窗的房間，雖然提供耳塞但自己真的太敏感，早餐地點也在樓下，很方便。
637397cd39de7355c1044dea,服務_正,地點很棒北車走出來不到幾分鐘就到了，員工也很親切細心，便宜的價格還附早餐，整個很棒，而且走路到赤峰街那也不遠。
637397cd39de7355c1044dea,服務_中,員工服務親切，房間很乾淨，整體都很棒，可惜早餐，點才開始，有點晚
637397cd39de7355c1044dea,服務_負,雖然二樓辦公區因為書店進駐，對於住宿旅客的開放時間有所調整，但是各有各的風味與優點，推薦。
637397cd39de7355c1044dea,設備_正,文青風格，完全無菸環境，極力推薦。
637397cd39de7355c1044dea,設備_中,這次住的是六人房上下舖房型，旅館位置交通方便也很熱鬧，令人印象深刻的是共用衛浴非常乾淨，一點發霉和水垢都沒有，對於背包客房型共用衛浴而言，能打掃得這麼乾淨表示服務人員真的有很認真維持整潔。
637397cd39de7355c1044dea,設備_負,環境乾淨整潔，整個旅舍都很有設計感，公共空間也給人一種很開放的的感覺，絲毫不會有壓迫感，包含廚房，衛浴設備到房間等都規劃得宜，標示都十分清楚，是十分推薦的旅社。
637397cd39de7355c1044dea,價格_正,地點很棒北車走出來不到幾分鐘就到了，員工也很親切細心，便宜的價格還附早餐，整個很棒，而且走路到赤峰街那也不遠。
637397cd39de7355c1044dea,價格_中,設施也很不錯，但熱水供應有一點點不穩定，只是一點點。
637397cd39de7355c1044dea,價格_負,早餐算是好吃但是以這個價錢的單人房房間有蟑螂還沒有落塵區被單有灰塵房間只有廁所有垃圾桶隔音也不好對於沒有要使用公設的客人相當不實用也不太推薦覺得很失望。
637397cd39de7355c1044deb,交通_正,飯店樓下有星巴克，周邊生活機能很好，美食免煩惱，交通方便捷運站附近，房間乾淨舒適，台北住宿首選推薦。
637397cd39de7355c1044deb,交通_中,優點，有停車場，設施很新，早餐提供星巴克，有機會下回還會入住。
637397cd39de7355c1044deb,交通_負,缺，停車場電梯只到大廳有點不方便，優，地點優越，床好睡，隔音佳，二樓還有販賣機半夜可解解饞。
637397cd39de7355c1044deb,早餐_正,地理位置佳，附近商店便利，麥當勞，飯店設備完善，熱水正常，乾淨，新穎，以電影元素為設計，非常喜歡具有特色的飯店，員工素質優異，貼心，親切，小時熱心服務，專業。
637397cd39de7355c1044deb,早餐_中,飯店裡有星巴克，如果入住遇到假日，星巴克只為飯店旅客而開，很貼心，有一些特定商品有興趣可以購買，這間星巴克是有提供酒精飲品，雖然酒單沒有很豐富，但是想喝喝星巴克的含酒精飲品可以來嘗鮮，當然如果要喝星巴克的調酒酒吧，最近的推薦是日本東京。
637397cd39de7355c1044deb,早餐_負,入住時間，交通，鄰近善導寺站，有行李或者不想走樓梯的，請使用用，號出口，服務，積極親切，溫和並有效率，住房，配備有咖啡機方便使用，並有各種枕頭供房客使用，整體算是一應俱全，不過可惜沒有沐浴鹽，大廳一旁還有星巴克，房客享有九折優惠，感覺，住房品優渥，隔音佳，洗澡水溫，水速均有很好的表現，房內潔淨度良好，床鋪個人覺得偏軟，採光極佳，隱私稍微可惜，浴室廁所分離，周邊，之名阜杭豆漿，飲料，速食店，便利商店，公車，捷運站等均有，這次的住房經驗整體很棒，也感謝飯店對於我們紀念日的重視，期待下次入住。
637397cd39de7355c1044deb,房間_正,距離善導寺，號出口走路，分鐘，早餐是星巴克，在指定時間前往是房客限定，人超級少可以大拍特拍，房間及浴室的落地窗景色很美，環境也相當乾淨整潔，整體相當推薦。
637397cd39de7355c1044deb,房間_中,飯店是連鎖集團的品牌，同等的服務但是價格優惠非常多，房間設計非常好，健身房，小時開放，在善導寺，交通也非常方便，但是早餐是星巴克，不喜歡吃麵包當早餐的人就有點可惜了，非常推薦各位來這邊。
637397cd39de7355c1044deb,房間_負,入住時間，交通，鄰近善導寺站，有行李或者不想走樓梯的，請使用用，號出口，服務，積極親切，溫和並有效率，住房，配備有咖啡機方便使用，並有各種枕頭供房客使用，整體算是一應俱全，不過可惜沒有沐浴鹽，大廳一旁還有星巴克，房客享有九折優惠，感覺，住房品優渥，隔音佳，洗澡水溫，水速均有很好的表現，房內潔淨度良好，床鋪個人覺得偏軟，採光極佳，隱私稍微可惜，浴室廁所分離，周邊，之名阜杭豆漿，飲料，速食店，便利商店，公車，捷運站等均有，這次的住房經驗整體很棒，也感謝飯店對於我們紀念日的重視，期待下次入住。
637397cd39de7355c1044deb,服務_正,地理位置佳，附近商店便利，麥當勞，飯店設備完善，熱水正常，乾淨，新穎，以電影元素為設計，非常喜歡具有特色的飯店，員工素質優異，貼心，親切，小時熱心服務，專業。
637397cd39de7355c1044deb,服務_中,台北時代寓所，除了擁有極佳便利的區位，精緻品質的裝修氛圍，服務人員也都秉持著親切貼心的服務。
637397cd39de7355c1044deb,服務_負,房務人員的態度比櫃檯，接待人員好，千萬不能用髒床單，會被莫名酌收不合理清潔費，每個人都需要提供證件，入住相當耗時，使用，訂房，訂房人也是相符合入住人，即使給了編號，也同步用訊息跟飯店聯繫，照樣無法入住，退房還得站在櫃檯等候，檢查房間是否有被我們毀損，跟犯人沒有兩樣，貴飯店的服務一流在電話一頭的還會反泊，別的飯店可以，不代表我們可以，沒有敬語的五星級飯店，本人平均一個月住，次以上飯店，在貴飯店發生的事情，都是頭一遭經驗，人生第一次想給飯店評價。
637397cd39de7355c1044deb,設備_正,地理位置佳，附近商店便利，麥當勞，飯店設備完善，熱水正常，乾淨，新穎，以電影元素為設計，非常喜歡具有特色的飯店，員工素質優異，貼心，親切，小時熱心服務，專業。
637397cd39de7355c1044deb,設備_中,房間內的視聽環境完整，隔音佳，螢幕投影便利，窗簾遮光效果好，讓我們享受了一夜的電影和音樂。
637397cd39de7355c1044deb,設備_負,第一次入住，非常喜歡這間飯店，硬體設備都很先進也很人性化，電視很大，躺在沙發看也都覺得螢幕很大，鏡面投影對於不太看台灣電視節目的人來真的是太貼心了，有機會一定會再入住。
637397cd39de7355c1044deb,價格_正,住宿可在星巴克咖啡享，折優惠，早上時段僅房客可入星巴克，清幽享受咖啡是不錯。
637397cd39de7355c1044deb,價格_中,飯店是連鎖集團的品牌，同等的服務但是價格優惠非常多，房間設計非常好，健身房，小時開放，在善導寺，交通也非常方便，但是早餐是星巴克，不喜歡吃麵包當早餐的人就有點可惜了，非常推薦各位來這邊。
637397cd39de7355c1044deb,價格_負,飯店的，找不到介紹或優惠，所以沒去試，優點是，員工客氣有禮，飯店有氣質，房間有一股淡淡的茶香，不知道是不是聞錯，但個人很喜歡，有適合的價錢，還是推薦入住
637397cd39de7355c1044dec,交通_正,只是地點近家樂福，走到捷運站要，分鐘，台北車站坐的士，便到達，客房設施好，但醫院在旁邊，每晚都被救護車的響聲嘈醒。
637397cd39de7355c1044dec,交通_中,整潔度，員工服務態度都很好，裡面還有高科技小美機，只要躺著喊口令就可開燈，開關窗戶。
637397cd39de7355c1044dec,交通_負,家中長輩腳受傷就近找旅館住宿，交通非常方便，有停車場好停車，房間寬敞舒適，床也好睡，服務人員都是客氣有禮笑容滿面，美中不足的地方是一樓剛開的泰國餐廳，油煙味飄到飯店大廳，讓人很不舒服，是需要改善的地方。
637397cd39de7355c1044dec,早餐_正,附設停車場很方便，附近有捷運站，騎到西門町很好逛，步行道寬廣散步可到西門町，房間寬敞乾淨舒適，枕頭與床柔軟度剛好又寬大很舒服，空調也剛好，是能安心放鬆的飯店，飯店餐廳也很好吃，是台北個人住宿首選，週圍巷弄美食很好逛，家樂福在對面超方便，全新改裝很棒。
637397cd39de7355c1044dec,早餐_中,性價比極高房間也很好很乾淨而且視野也很舒服看出去很漂亮然後食物也很好吃員工的服務很好會讓人覺得花錢很值得的飯店會想著要再去住一次的好飯店。
637397cd39de7355c1044dec,早餐_負,這次住六樓，在房間內一直聽到同樓層的房客開關門的聲音跟聊天的聲音，不只關門聲音很清楚，有時候在床頭也會感受到震動，整個晚上沒有辦法好好在房間休息，還會被嚇到，房間內的小冰箱發霉，也不太能冷藏，晚上打電話問飯店員工卻被告知房間內的冰箱是化學冰箱，本來就不太能冷藏，他們辦公室提供的冰箱也被其他房客冰滿了，沒有辦法解決我們的問題，最生氣的早上要下樓用早餐，當初會選擇花園酒店而不是其他飯店也是看了其他人的評價覺得早餐選擇多，提供的也不錯，結果八點半下去發現門口一堆人在排隊，沒辦法進入用餐，飯店員工沒有辦法給我們要等待的時間，只讓我們選擇要不要用餐盒外帶方式，後來有工作人員表示現場有兩位的可以先入坐，我們上前表示我們是兩位的，穿西裝外套的女生卻告訴我們要從頭排隊。
637397cd39de7355c1044dec,房間_正,附設停車場很方便，附近有捷運站，騎到西門町很好逛，步行道寬廣散步可到西門町，房間寬敞乾淨舒適，枕頭與床柔軟度剛好又寬大很舒服，空調也剛好，是能安心放鬆的飯店，飯店餐廳也很好吃，是台北個人住宿首選，週圍巷弄美食很好逛，家樂福在對面超方便，全新改裝很棒。
637397cd39de7355c1044dec,房間_中,性價比極高房間也很好很乾淨而且視野也很舒服看出去很漂亮然後食物也很好吃員工的服務很好會讓人覺得花錢很值得的飯店會想著要再去住一次的好飯店。
637397cd39de7355c1044dec,房間_負,這次住六樓，在房間內一直聽到同樓層的房客開關門的聲音跟聊天的聲音，不只關門聲音很清楚，有時候在床頭也會感受到震動，整個晚上沒有辦法好好在房間休息，還會被嚇到，房間內的小冰箱發霉，也不太能冷藏，晚上打電話問飯店員工卻被告知房間內的冰箱是化學冰箱，本來就不太能冷藏，他們辦公室提供的冰箱也被其他房客冰滿了，沒有辦法解決我們的問題，最生氣的早上要下樓用早餐，當初會選擇花園酒店而不是其他飯店也是看了其他人的評價覺得早餐選擇多，提供的也不錯，結果八點半下去發現門口一堆人在排隊，沒辦法進入用餐，飯店員工沒有辦法給我們要等待的時間，只讓我們選擇要不要用餐盒外帶方式，後來有工作人員表示現場有兩位的可以先入坐，我們上前表示我們是兩位的，穿西裝外套的女生卻告訴我們要從頭排隊。
637397cd39de7355c1044dec,服務_正,飯店服務人員很熱心，服務態度非常棒。
637397cd39de7355c1044dec,服務_中,很合宜的價格，而房間寬敞舒適，明亮乾淨，廁所高級燈光好，服務人員很有熱忱，還提供西門，龍山寺捷運站接駁服務。
637397cd39de7355c1044dec,服務_負,點多，時還需稍等確認房間，已入住時過不久，位服務人員，有可能有敲門我們沒聽到，直接開門當時好險有門擋，我開門出去他們就問我們是續住人員，我答剛入住後，當下，位服務人員態度稍不及格急忙就走掉，讓我有點傻眼。
637397cd39de7355c1044dec,設備_正,環境整潔乾淨，停車方便，員工親切，房間語音設備很棒。
637397cd39de7355c1044dec,設備_中,很合宜的價格，而房間寬敞舒適，明亮乾淨，廁所高級燈光好，服務人員很有熱忱，還提供西門，龍山寺捷運站接駁服務。
637397cd39de7355c1044dec,設備_負,電梯會固定停在一樓減少旅客等待時間，和之前入住相比，不論走道還是房內，多了很多插畫，也展示了艋舺當地的歷史元素，房間慢慢轉型為智慧化，提供語音機器人等設施，但走道的地毯還是比較有老飯店的感覺，這次入住雖然升等，人房，但是房內的地板與桌上都有黏黏的液體，可能沒有清潔乾淨，其餘不論隔音，舒適度都很不錯。
637397cd39de7355c1044dec,價格_正,價格優惠外地點還很方便，騎乘共享腳踏車就能到西門町捷運站還車，價格便宜服務品質還是很優秀，住了兩天請房務幫忙補備品都有確實的執行。
637397cd39de7355c1044dec,價格_中,很合宜的價格，而房間寬敞舒適，明亮乾淨，廁所高級燈光好，服務人員很有熱忱，還提供西門，龍山寺捷運站接駁服務。
637397cd39de7355c1044dec,價格_負,價格及入住環境都很不錯，還有提供一些古早味零食可以免費取用，房內還有免費的爆米花非常好吃咖啡也很好喝，有浴缸雖然小了一點，睡到一半發現床單有點污漬小扣分，整體來講性價比真的很不錯。
637397cd39de7355c1044ded,交通_正,位置相當優越，距離沙灘步行很近，服務人員態度很好
637397cd39de7355c1044ded,交通_中,
637397cd39de7355c1044ded,交通_負,
637397cd39de7355c1044ded,早餐_正,沙灘真的不錯，飯店設施不算多，但該有的都有，大人小孩都滿意，晚餐的福粵樓份量多又好吃，早餐也不錯，而且用餐空間寬敞舒適，唯一需要改善的是果汁杯應該可以更乾淨一點。
637397cd39de7355c1044ded,早餐_中,整體上來說都不錯，飯店後方就是海水浴場，可玩海水也有室內泳池兩種感受一次滿足。
637397cd39de7355c1044ded,早餐_負,房間很貼心的提供了海灘拖鞋，連小朋友的都設想到了，防曬乳也準備好了，房內電影很新很多樣，而且都不用另外付錢，看得很過癮，床墊和空調十分舒適，游泳池水溫很剛好，每一樓層都有茶水間提供冰塊和熱水，還有飲料販賣機，飲料價格也都很平實，兒童遊戲區域玩具比較少但是空間很舒適，所有服務人員都會很誠意的跟客人打招戶，讓人賓至如歸，這次還沒機會泡湯，一定還要再回來。
637397cd39de7355c1044ded,房間_正,沙灘真的不錯，飯店設施不算多，但該有的都有，大人小孩都滿意，晚餐的福粵樓份量多又好吃，早餐也不錯，而且用餐空間寬敞舒適，唯一需要改善的是果汁杯應該可以更乾淨一點。
637397cd39de7355c1044ded,房間_中,設施相當新且整潔，房間空間也很大，人員服務態度良好，但兒童遊戲設施略顯陽春，美中不足。
637397cd39de7355c1044ded,房間_負,整體住房體驗很好，飯店位置就在福隆海水浴場旁，飯店和房間設計很美，房間內有免費的電影可以選擇觀看，小朋友在戶外游泳和兒童娛樂室玩的很開心，大人陪在兒童娛樂室裡也有書本可以閱讀打發時間，員工很友善，臉上都帶著笑臉，早餐，也很好吃，唯一不習慣的是房間內燈光有點暗。
637397cd39de7355c1044ded,服務_正,位置相當優越，距離沙灘步行很近，服務人員態度很好
637397cd39de7355c1044ded,服務_中,員工服務很好，住宿當晚，家中長輩突然過敏發作，飯店員工馬上安排車輛送去急診站看診，很感謝飯店的處理。
637397cd39de7355c1044ded,服務_負,房間很貼心的提供了海灘拖鞋，連小朋友的都設想到了，防曬乳也準備好了，房內電影很新很多樣，而且都不用另外付錢，看得很過癮，床墊和空調十分舒適，游泳池水溫很剛好，每一樓層都有茶水間提供冰塊和熱水，還有飲料販賣機，飲料價格也都很平實，兒童遊戲區域玩具比較少但是空間很舒適，所有服務人員都會很誠意的跟客人打招戶，讓人賓至如歸，這次還沒機會泡湯，一定還要再回來。
637397cd39de7355c1044ded,設備_正,設備與環境都不錯，也有自己的泳池供孩童玩樂，要去沙灘也很近，美中不足的在餐廳餐點部分或許多用點心會更好。
637397cd39de7355c1044ded,設備_中,設施相當新且整潔，房間空間也很大，人員服務態度良好，但兒童遊戲設施略顯陽春，美中不足。
637397cd39de7355c1044ded,設備_負,房間很貼心的提供了海灘拖鞋，連小朋友的都設想到了，防曬乳也準備好了，房內電影很新很多樣，而且都不用另外付錢，看得很過癮，床墊和空調十分舒適，游泳池水溫很剛好，每一樓層都有茶水間提供冰塊和熱水，還有飲料販賣機，飲料價格也都很平實，兒童遊戲區域玩具比較少但是空間很舒適，所有服務人員都會很誠意的跟客人打招戶，讓人賓至如歸，這次還沒機會泡湯，一定還要再回來。
637397cd39de7355c1044ded,價格_正,離福隆沙灘近，服務很好，價格雖高，但很值得一住。
637397cd39de7355c1044ded,價格_中,早餐也好吃，只可惜沒有現做蛋捲，個人喜好
637397cd39de7355c1044ded,價格_負,房間很貼心的提供了海灘拖鞋，連小朋友的都設想到了，防曬乳也準備好了，房內電影很新很多樣，而且都不用另外付錢，看得很過癮，床墊和空調十分舒適，游泳池水溫很剛好，每一樓層都有茶水間提供冰塊和熱水，還有飲料販賣機，飲料價格也都很平實，兒童遊戲區域玩具比較少但是空間很舒適，所有服務人員都會很誠意的跟客人打招戶，讓人賓至如歸，這次還沒機會泡湯，一定還要再回來。
637397cd39de7355c1044dee,交通_正,到台北旅遊的好選擇，服務人員親切有禮，房間乾淨整潔，地理位置非常優，附近很熱鬧，停車場平車好停。
637397cd39de7355c1044dee,交通_中,鄰近捷運站，交通便利，停車位晚上就滿了。
637397cd39de7355c1044dee,交通_負,唯一比較需要提的是，一開始要辦理入住時將車子開入停車場時，有看到立牌顯示車位已滿請到其他停車場找位子，但當下又要注意後方來車，又要看立牌上地圖，真的很不容易，且停車場的服務人員也沒有主動上前說明引導，這部分建議可以再改進。
637397cd39de7355c1044dee,早餐_正,從前枱接待，和，親切又有效率的入住辦理，以及大廳門僮行李員的主動服務，再到珍珠坊酒吧好吃的輕食和極佳的調酒口味，與，熱情又專業的服務，加上房間寬敞的空間和優雅的設計，和頂樓常溫的泳池與乾淨舒通的三溫暖區域，再到早餐品項細膩又美味，烘培坊的鳳黎酥蛋黃酥焦糖餅乾等皆十分好吃。
637397cd39de7355c1044dee,早餐_中,入住日期是平日，價格比較平易近人，物超所值，房間很乾淨，但早餐跟房間比稍嫌遜色，價格可以接受的話算是一間不錯的飯店。
637397cd39de7355c1044dee,早餐_負,這次是為了慶生入住大倉久和，但並沒有特別和飯店提及此事，在辦理入住時櫃臺人員應該是發現了，很貼心的偷偷幫忙升等到超豪華客房，讓我一打開房間就有了極大的驚喜，由於房間實在太舒服，讓我當晚早早就回飯店捨不得離開，這次遇到的每位飯店員工都有很棒的服務態度，中午退房時剛好遇到房務，他們大老遠看到客人就熱情問候。
637397cd39de7355c1044dee,房間_正,從前枱接待，和，親切又有效率的入住辦理，以及大廳門僮行李員的主動服務，再到珍珠坊酒吧好吃的輕食和極佳的調酒口味，與，熱情又專業的服務，加上房間寬敞的空間和優雅的設計，和頂樓常溫的泳池與乾淨舒通的三溫暖區域，再到早餐品項細膩又美味，烘培坊的鳳黎酥蛋黃酥焦糖餅乾等皆十分好吃。
637397cd39de7355c1044dee,房間_中,入住日期是平日，價格比較平易近人，物超所值，房間很乾淨，但早餐跟房間比稍嫌遜色，價格可以接受的話算是一間不錯的飯店。
637397cd39de7355c1044dee,房間_負,我中山北路上住過晶華，希爾頓，南京西這邊大倉久和六福居，特愛大倉久，因為房間的設計就是好，加上我很愛上便則和浴室獨立分開外，他的浴缸泡澡是有電視的，之前住一次有覺得床頭沒插頭和，比較麻煩，但這次有新增進去，唯一可以再加強的是電視再大一點，可以加入好的音響設備，然後搖控器有點難按以外，早餐的部份我仍覺得相當普通，沒必要再加價到吃早餐，因為地理位置很好，附近有餐廳，百貨公司都夠你吃到翻掉，我個人是相當推這間飯店的休閒舒適度，床也軟，隔音比其他間好一些，但目前疫情原因還無法用三溫暖，這是他很大的賣掉，項樓泳池也不錯啦，然後咖啡機和咖啡盒都收光了。
637397cd39de7355c1044dee,服務_正,從前枱接待，和，親切又有效率的入住辦理，以及大廳門僮行李員的主動服務，再到珍珠坊酒吧好吃的輕食和極佳的調酒口味，與，熱情又專業的服務，加上房間寬敞的空間和優雅的設計，和頂樓常溫的泳池與乾淨舒通的三溫暖區域，再到早餐品項細膩又美味，烘培坊的鳳黎酥蛋黃酥焦糖餅乾等皆十分好吃。
637397cd39de7355c1044dee,服務_中,貼心的配合我的需求做了調整，不愧是注重服務與旅客需求，以細緻服務為主的日式管理。
637397cd39de7355c1044dee,服務_負,工作人員的熱忱從進入飯店門口開始，到退房後都很滿意，飯店硬體設施有質感，泳池，三溫暖很棒，全體工作人員的服務，軟體，貼心令人滿意，有機會，定會再入住。
637397cd39de7355c1044dee,設備_正,住宿體驗跟其他，星級比起來實在差很多，優點是大廳接待人員都很專業，還晚上兼房務幫忙清潔，空調剛好不會太強非常舒適。
637397cd39de7355c1044dee,設備_中,服務態度親切，房間新，設備完整。
637397cd39de7355c1044dee,設備_負,整體感覺都非常棒，飯店人員態度親切有禮，設施整潔乾淨，房間採光明亮，飯店內餐廳料理皆極具水準，非常推薦。
637397cd39de7355c1044dee,價格_正,現在的性價比非常適合去住一晚，設施品質不在話下，更有優勢的地點，非常不錯。
637397cd39de7355c1044dee,價格_中,入住日期是平日，價格比較平易近人，物超所值，房間很乾淨，但早餐跟房間比稍嫌遜色，價格可以接受的話算是一間不錯的飯店。
637397cd39de7355c1044dee,價格_負,我中山北路上住過晶華，希爾頓，南京西這邊大倉久和六福居，特愛大倉久，因為房間的設計就是好，加上我很愛上便則和浴室獨立分開外，他的浴缸泡澡是有電視的，之前住一次有覺得床頭沒插頭和，比較麻煩，但這次有新增進去，唯一可以再加強的是電視再大一點，可以加入好的音響設備，然後搖控器有點難按以外，早餐的部份我仍覺得相當普通，沒必要再加價到吃早餐，因為地理位置很好，附近有餐廳，百貨公司都夠你吃到翻掉，我個人是相當推這間飯店的休閒舒適度，床也軟，隔音比其他間好一些，但目前疫情原因還無法用三溫暖，這是他很大的賣掉，項樓泳池也不錯啦，然後咖啡機和咖啡盒都收光了。
637397cd39de7355c1044def,交通_正,捷運，號出口，順著漢口路直走，分鐘左轉漢口街二段，再走，分，便可看到。
637397cd39de7355c1044def,交通_中,一家子在外逛了一天后搭地鐵到西門站，悠閒的逛了西門町商圈還買了食物大包小包的回酒店，可以坐在餐廳吃，餐廳有，小時免費提供飲料。
637397cd39de7355c1044def,交通_負,地理位置方便，開車北上夜停洛陽停車場，附近就可以逛街，附中西式早餐，服務人員態度佳，可惜房間隔音不好，因為沒窗戶，所以有點異味，公共電梯會有遊藝場所客人一起使用，感受不佳。
637397cd39de7355c1044def,早餐_正,交通便捷，早餐菜色普通，不過價格便宜，房間還有附小保險箱，蠻方便的。
637397cd39de7355c1044def,早餐_中,但這個價位早餐非常豐盛。
637397cd39de7355c1044def,早餐_負,缺點是，隔音不好，洗澡水壓不足，非常小，對於洗頭的人來說，非常不便，房間看起來整體還算新，但是房務打掃不夠確實，我們房間的瓶裝水，有，瓶是已經被喝過開過了，感覺很不衛生，位置很好，離逛街的地方很近，但是出入口人員來來去去有些複雜，但是整體來說，還算不錯。
637397cd39de7355c1044def,房間_正,效率很棒，我們是平日去住的，雖然房間有稍許煙味，不太影響，我們房間是在，樓，個人覺得滿安靜的，但地板清潔需要加強一下，廁所也很乾淨。
637397cd39de7355c1044def,房間_中,位於出入複雜的老商業大樓中，有許多禁示吸毒的告示牌，有的房間有煙味和霉味，除非對環境不要求，不然不建議啦。
637397cd39de7355c1044def,房間_負,櫃檯在大樓一樓，房間電梯在外面與大樓共用，整棟大樓出入的人非常雜亂，房間內部還算整潔，但是沒有，睡到一半突然響起火災警報，趕緊收東西下樓，結果是有人在房間抽菸，飯店業者完全無道歉，隔天晚上又發生相同事件，這要不是地點方便價格還可以，絕對不考慮再去。
637397cd39de7355c1044def,服務_正,唯一感覺不錯的是服務人員態度
637397cd39de7355c1044def,服務_中,服務好，房間乾淨，地點佳，價格合理。
637397cd39de7355c1044def,服務_負,整體上來說算不錯，但隔音非常的不好，影響睡眠，隔天用早餐，驗票人員態度還不錯，最後一天的女服務員沒看清楚票數，一直跟我要票，給予人態度觀感很差，讓這次的旅遊住宿有點小缺憾
637397cd39de7355c1044def,設備_正,地理位置離捷運及公車站近，交通方便
637397cd39de7355c1044def,設備_中,設備有點老舊但價格便宜。
637397cd39de7355c1044def,設備_負,便利，但房間剛好安排在排水管處，因此只有人房間再用水，就會有抽水馬達的聲音，以及低樓層有一些遊樂場出入人員有點複雜，其餘都。
637397cd39de7355c1044def,價格_正,原來西門日記旅館同高絲旅館是同一間酒店，我去到先知，真係笑左出來，價錢如果我訂高絲旅會平小小，我以前去都有住過高絲旅，我覺得方便，落街就是西門町。
637397cd39de7355c1044def,價格_中,價錢變動高，便宜的時候就一定會入住，地點便利，又有免費早餐。
637397cd39de7355c1044def,價格_負,缺點是，隔音不好，洗澡水壓不足，非常小，對於洗頭的人來說，非常不便，房間看起來整體還算新，但是房務打掃不夠確實，我們房間的瓶裝水，有，瓶是已經被喝過開過了，感覺很不衛生，位置很好，離逛街的地方很近，但是出入口人員來來去去有些複雜，但是整體來說，還算不錯。
637397cd39de7355c1044df0,交通_正,交通非常便捷，捷運台北車站出站步行，分鐘內可到，住宿價錢很親民，早餐自助吧不錯吃，非疫情期間時入住。
637397cd39de7355c1044df0,交通_中,停車場位子太少，來飯店晚的得停到有合作但只有停車優惠的舊大亞百貨停車場。
637397cd39de7355c1044df0,交通_負,入住當天下媲美颱風的大雨，但飯店的停車場已經滿了，所以只好在大雨中下行李，把車停到隔壁大樓停車場，晚上時又說飯店樓下停車場有空位，因此讓我們把車移到飯店地下室。
637397cd39de7355c1044df0,早餐_正,大廳櫃檯服務人員態度很好，但餐廳服務員有待加強。
637397cd39de7355c1044df0,早餐_中,不貴，地理位置很好，附近有地下街，百貨公司，書店，很好買，附近各種吃喝的餐廳店也多，飯店早餐東西選擇多，寬敞又有，唯獨。
637397cd39de7355c1044df0,早餐_負,雖然說是五星級的飯店，但卻覺得沒有到五星的水準，設備太老舊，木製的洗水臺掉漆也掉木屑，放肥皂的臺子歪歪的一副快掉的樣子，牆面還有沉積很久的黴菌垢，這些明明就是可以先處理的，還有早餐時櫃檯寫要人帶位，卻在櫃檯等了將近，分鐘，服務態度是不錯沒錯，但這種水準給五星級我覺得真的是名不符實，總體經驗差，除了位子好沒其他能比的。
637397cd39de7355c1044df0,房間_正,入住剛好碰到台北連續大雨，飯店位置不錯，連接地下道出口免去了開傘淋濕的狼狽模樣。
637397cd39de7355c1044df0,房間_中,飯店員工服務很好，房間也乾淨舒適，出門遇到房務，有告知續住不用再整理，但房務仍說那就幫你們清一下垃垃，不用怕痳煩啦，回房時連床單都鋪的乾乾淨淨了，好員工一個。
637397cd39de7355c1044df0,房間_負,經過我打電話到櫃檯抗議，服務員才道歉，折騰了將近，小時才換房間給我，還屢屢道歉，我訂的房間是有浴缸的，連續三次我入住此飯店都給我沒有浴缸的房間，經過我打電話後他們才幫我換房，感覺上有點被騙。
637397cd39de7355c1044df0,服務_正,櫃檯人員要求入住前要壓冰箱用品的保證金，這種懷疑客人的服務態度，真是服務業的沈淪，真是夠誇張。
637397cd39de7355c1044df0,服務_中,飯店員工服務很好，房間也乾淨舒適，出門遇到房務，有告知續住不用再整理，但房務仍說那就幫你們清一下垃垃，不用怕痳煩啦，回房時連床單都鋪的乾乾淨淨了，好員工一個。
637397cd39de7355c1044df0,服務_負,飯店員工的服務很貼心，早上臨時在，分鐘內需要一束花束，馬上打給櫃檯詢問，櫃檯人員也迅速幫助我們解決問題，滿足我們的需求，飯店人員的用心協助讓我們很感動，謝謝協助我們的人員。
637397cd39de7355c1044df0,設備_正,台北凱薩歷史悠久，位於台北捷運站旁，交通位置相當方便。
637397cd39de7355c1044df0,設備_中,位置就在台北車站對面，有地下街連接捷運，下雨也不怕，價格合理，房間整潔，服務員很有禮貌
637397cd39de7355c1044df0,設備_負,房間整體設施還可以，吹風機還真的是網路大家說的古董，火車站，出口沒電梯，只有樓梯，對於有大件行李的，真的很不方便
637397cd39de7355c1044df0,價格_正,地點方便，台北車站正前方，價格便宜，值高。
637397cd39de7355c1044df0,價格_中,位置就在台北車站對面，有地下街連接捷運，下雨也不怕，價格合理，房間整潔，服務員很有禮貌。
637397cd39de7355c1044df0,價格_負,地鐵就在飯店地下，樓，就是為了這一點方便我才住這家飯店，因為房間不比其他飯店便宜，同時必須訂，房才是新裝潢的，其餘都是舊房，員工服務態度不是很好。
637397cd39de7355c1044df1,交通_正,位置鄰近西門捷運站，步行約需，分鐘，地點方便，價格是西門町地中比較便宜的選擇。
637397cd39de7355c1044df1,交通_中,北門站週邊新建立的火車紀念館，文藝彙集的中興堂，紅樓東區的同志酒吧集都是可一再造訪的地點，特別是紅樓後方有凌晨兩三點後才營業的虱目魚粥，建議前往。
637397cd39de7355c1044df1,交通_負,整體房間的設計風格非常的棒，可以感受到飯店的用心，服務人員親切，距離捷運站有段距離，不過整體評價是非常值得再次入住的
637397cd39de7355c1044df1,早餐_正,洗沐品質，早餐，服務人員態度住宿環境，早餐餐廳風景，全部都，讚，讚，讚。
637397cd39de7355c1044df1,早餐_中,早餐還是隔壁打狗罷火鍋吃到飽，第一次早餐吃火鍋超酷。
637397cd39de7355c1044df1,早餐_負,是海霸王集團的德立莊飯店副牌，位於西門町外圍，離捷運雖然有點距離，但到鬧區不用，分鐘，海霸王現在除了城市商旅外，德立莊系列也是這一兩年的重心，飯店以美式工業風格為主，再搭配打狗霸餐廳複合式經營，挺有野心的，只是飯店的早餐就是打狗霸提供的火鍋，早餐火鍋第一次算奇特，吃第二次就是傻子，也難怪該飯店在訂房網站的早餐評分不高。
637397cd39de7355c1044df1,房間_正,房間大小適中，住宿環境舒適，評價味美的早餐。
637397cd39de7355c1044df1,房間_中,雖然房間有點小，芳香劑味道過重，除此之外房間很乾淨也很舒服，因為住很邊間所以隔音很好。
637397cd39de7355c1044df1,房間_負,已經是第二次入住，這兩次入住的心得很很滿意，第一次入住時間很短，很晚進房很早退房，這一次因為颱風的關係在房內的時間多了不少，也因為剛好遇到媽媽開刀，所以跟飯店預約了無障礙的房間讓媽媽便於盥洗，真的很不錯媽媽也非常滿意，房間整潔，電視又很多節目可以選擇，就算颱風不出門也絲毫不覺得無趣，雖然剛開始使用洗臉盆，水塞出了點問題但是維修人員很快地就處理完成，還有第二天房務人員進房打掃更換物品態度也是很親切還有認真，還有地點更是極佳，入住期間遇到颱風，但是用餐完全沒有問題更不用擔心，以飯店為中心走路五分鐘內選擇多多，看了很多評價說到關於噪音問題隔音效果不佳，我們到是沒有碰到也或許是疫情關係或是颱風入住的人不多，這我不清楚，但是我們完全沒有聽到認何噪音，空調也很好溫度舒適，毛巾乾的也很快，總之，是一次很愉快的入住經驗，之後還會再選擇入住，提供訂房的人參考。
637397cd39de7355c1044df1,服務_正,洗沐品質，早餐，服務人員態度住宿環境，早餐餐廳風景，全部都，讚，讚，讚。
637397cd39de7355c1044df1,服務_中,女員工的態度沒有特別好，男的都還好一點，但地點和房型，只是房內都略顯黑暗和潮濕。
637397cd39de7355c1044df1,服務_負,然後會坐輪椅，結果要請求協助幫忙安排房型，卻用哪種關我屁事的態度叫我聯繫改房型啊，後來入住那天到隔天要退房狀況百出，我重大車禍，還不太能行走，客氣的去櫃檯知會一聲說可能會延半小時，因為剛看完醫生，還沒收拾，結果主管出來也用敷衍態度對待，直到我趕著退房時，說我有幫你沿一小時退房，為何當下不說。
637397cd39de7355c1044df1,設備_正,地點好，離電影街近，好停車，重點是內部裝潢非常美，工業風格，非常乾淨，設施一應俱全，服務人員也專業親切。
637397cd39de7355c1044df1,設備_中,房型照片和實際環境一樣，整潔舒適，溫暖工業風感。
637397cd39de7355c1044df1,設備_負,單人房內空間沒很大，但浴廁空間挺大，工業風格設計，可能房間位置的關係，手機收訊很差，但房間，訊號不錯，在房裡不適合電話聯絡，只適合通訊軟體，床很好睡，隔音也還可以。
637397cd39de7355c1044df1,價格_正,地理位置佳，距離西門町走路不用三分鐘，價格便宜房間整體也不錯，值很高。
637397cd39de7355c1044df1,價格_中,離西門町步行約，分鐘，價格千元有找，早餐很特別是火鍋，可以評估需不需要加價購買早餐。
637397cd39de7355c1044df1,價格_負,如果願意走段路的朋友，這個地點其實並不會離捷運站太遠，以西門町來說這個價位相當相當便宜，尤其他的環境整潔真的還不賴，不是隨便的旅社，唯一的缺點大概就是有時候隔音會有點差，然後，點退房真的會讓人覺得緊湊，早餐尚可，就是簡單的中式早餐，這價位別要求太多，如果喜歡工業風格的可以訂一樓以上的房。
637397cd39de7355c1044df2,交通_正,交通便利，捷運站出口，生活機能完善，購物商圈就在樓下。
637397cd39de7355c1044df2,交通_中,太靠近交誼廳的房間略顯吵雜，但環境設施與地段佳，交通方便
637397cd39de7355c1044df2,交通_負,條件寫停車場，館外，卻是讓消費扯自行在外面找停車場，也並非配合，那就不應該標示在條件當中，容易讓消費者誤解有配合的停車場。
637397cd39de7355c1044df2,早餐_正,很棒的旅館，位在交通便利的東區，住宿價格卻很平實，房間潔淨，管理專業，備品很優，房間外的交誼廳有舒適的桌椅，烹飪級的飲水，咖啡，點心，系統很新的電腦設施。
637397cd39de7355c1044df2,早餐_中,離捷運站約，分鐘的步程，位處東區地帶，吃喝逛不用愁，房間比想像中的大，插頭很多這點很喜歡，公共空間有自助咖啡，沒訂早餐只喝咖啡也挺好的，反正東區餐廳多去外面吃就好了，服務人員態度親切，晚上出去還貼心遞暖暖包，離忠孝復興捷運站近，剛好可轉文湖線，去小巨蛋也很方便，要說缺點就是隔音不好，被別間退房的聲音吵醒了。
637397cd39de7355c1044df2,早餐_負,房間裡有盥洗用品，毛巾，衣架，保險箱，冰箱，電視還有電話，每天還有飯店人員打掃房間且更換備品，很像縮小版的一般飯店房間，早餐有中西式可以選擇且可選擇自取或送到房間，外面公共空間有提供茶包可以泡，共用浴室使用的沐浴乳，洗髮精是歐舒丹的，吹風機還是。
637397cd39de7355c1044df2,房間_正,我入住的是女性單人房，非常舒適的住宿環境，房間安靜而且乾淨，床跟枕頭都很舒適，可以獨立擁有具有隱私的房間真的很不錯，共用的廁所與浴室更是乾淨明亮，味道還香香的。
637397cd39de7355c1044df2,房間_中,乾淨，地點方便，可惜房間不如照片大，床很小，房間也很擠。
637397cd39de7355c1044df2,房間_負,房間裡有盥洗用品，毛巾，衣架，保險箱，冰箱，電視還有電話，每天還有飯店人員打掃房間且更換備品，很像縮小版的一般飯店房間，早餐有中西式可以選擇且可選擇自取或送到房間，外面公共空間有提供茶包可以泡，共用浴室使用的沐浴乳，洗髮精是歐舒丹的，吹風機還是。
637397cd39de7355c1044df2,服務_正,很棒的旅館，位在交通便利的東區，住宿價格卻很平實，房間潔淨，管理專業，備品很優，房間外的交誼廳有舒適的桌椅，烹飪級的飲水，咖啡，點心，系統很新的電腦設施。
637397cd39de7355c1044df2,服務_中,服務人員非常親切，整體來說，值很高，以後有住宿需求會再次考慮入住。
637397cd39de7355c1044df2,服務_負,除此之外，共用浴室提供，吹風機，歐舒丹洗髮精，沐浴乳使用，雖然比其他青年旅館貴一點，但對我單身女性住客來說，值高，女性專區多處磁卡門控保護，安心又實在，還有摩斯漢堡早餐或傳統早餐提供，讓北上進修的我次次選擇住此不膩，大力推薦。
637397cd39de7355c1044df2,設備_正,很棒的旅館，位在交通便利的東區，住宿價格卻很平實，房間潔淨，管理專業，備品很優，房間外的交誼廳有舒適的桌椅，烹飪級的飲水，咖啡，點心，系統很新的電腦設施。
637397cd39de7355c1044df2,設備_中,服務人員非常親切，整體來說，值很高，以後有住宿需求會再次考慮入住
637397cd39de7355c1044df2,設備_負,第二次入住需共用衛浴的單人房，先前已知房間開門時氣壓關係引起的聲音稍有影響，而本次部分設施使用時覺得尚待改善，如，房間內的空調設備，有時無法使用房內的遙控器順利操作，必須請櫃檯人員協助開啟設定調控溫度，住宿樓層的烘衣設備貼上故障的字條無法使用，必須至另一樓層共用，盥洗空間的水量很小，可能是因為高樓層的關係水壓較弱，或許可以更換加壓馬達改善，限女性區域的淋浴間排水設備較弱，雖有更衣空間的乾濕分離設計，但一度清晨使用時積水達淋浴間門檻高度，不得不中途更換淋浴間使用，可能是因為毛髮堵住排水孔，如能增加清潔的頻率可望改善這的問題。
637397cd39de7355c1044df2,價格_正,很棒的旅館，位在交通便利的東區，住宿價格卻很平實，房間潔淨，管理專業，備品很優，房間外的交誼廳有舒適的桌椅，烹飪級的飲水，咖啡，點心，系統很新的電腦設施。
637397cd39de7355c1044df2,價格_中,整體環境地理位置，和價格都在水準之上。
637397cd39de7355c1044df2,價格_負,房間乾淨整潔，所有人員都很有禮貌，服務很好，有小交誼聽咖啡免費喝，還可以跟櫃檯拿鑰匙去樓下健身房，房價不貴，值高，平價又有飯店級的享受，隔音還可以，備品歐舒丹。
637397cd39de7355c1044df3,交通_正,地點方便，步行往西門町或台北車站都是，分鐘左右路程。
637397cd39de7355c1044df3,交通_中,鄰近台北車站附近的新光三越地段，附近吃喝買的種類多，想逛其他地區坐捷運，公車尚算方便。
637397cd39de7355c1044df3,交通_負,職員態度親切，有禮貌，但隔音差，住宿地點距離捷運站遠咗少少，分鐘至去到飯店，好在飯店附近都可以購物及地點近西門町。
637397cd39de7355c1044df3,早餐_正,有免費的早餐外，還有洗衣，員工也很友善。
637397cd39de7355c1044df3,早餐_中,很喜歡館內裝潢，小時飲料無限供應很棒，下次期待再次入住，感謝服務人員的照顧。
637397cd39de7355c1044df3,早餐_負,主要是因為距離北車很近，到捷運站或是北車走路慢慢走大概，分內會到，這間還蠻明顯的，因為他算在內部，而他門口有巨大的招牌在提醒人們他在哪，一到門口就看到他們真的是老字號，感覺各種舊，電梯很舊，設備也有年紀感，那還好，至少沒飄著一股霉味，本次入住是時尚雙人房，在八樓，無窗，一個狹長型的住宿地點，服務人員接待十分普通，就是填寫與給證件換門卡，也沒跟你說飯店內有什麼設備能用，有飲水機還是自己發現，然後八樓的壞了住了三天都沒修好，問了櫃檯才知道門口還有一台飲水機，內部設備也感覺到沒什麼，兩瓶水與兩個綠茶包，總電源插卡開關下令人疑惑的房間定價，冷氣也算正常運作，房內也沒啥霉味，還有一個很難控的電視，但價格真的不貴，所以還，飯店隔音並不是很好，走在走廊上可以聽到有人在激戰，啪啪作響，但可惜的是只持續，分鐘，只能說那男的要加油啊。
637397cd39de7355c1044df3,房間_正,飯店位置不錯，提供的服務也很棒，房間乾淨整潔。
637397cd39de7355c1044df3,房間_中,房間很乾淨，廁所蓮蓬頭水量很大很不錯，房間大小適中，櫃檯親切。
637397cd39de7355c1044df3,房間_負,在預訂房間時我一直都十分在乎房間有無窗戶這件事，因為當天較晚入住該飯店，一進房間便發現房間沒有窗戶，直接向櫃檯反應預訂的房間與入住的房間有落差，但櫃檯回覆飯店有窗無窗皆為同一款房型，若要有窗房型必須於訂單時，備註，房間要有窗，才有，可能，被安排到有窗的房間，有窗的房現在都滿了，但我在備註欄提及的希望高樓層的房間也沒有被安排到較高樓層。
637397cd39de7355c1044df3,服務_正,飯店位置不錯，提供的服務也很棒，房間乾淨整潔。
637397cd39de7355c1044df3,服務_中,很喜歡館內裝潢，小時飲料無限供應很棒，下次期待再次入住，感謝服務人員的照顧。
637397cd39de7355c1044df3,服務_負,離臺北火車站很近，周邊逛街，用餐，購物很方便，飯店服務人員態度很親切，房間雖然簡約，但床的軟硬度很符合我們的喜好，偏硬床墊，與鄰近同價位住宿飯店相較，我們推薦，給大家來體驗。
637397cd39de7355c1044df3,設備_正,地理位置佳，生活機能高，出入捷運，公車，台鐵，高鐵都十分方便。
637397cd39de7355c1044df3,設備_中,位置優越價格便宜，其餘餐廳健身房等設施不開放略為可惜。
637397cd39de7355c1044df3,設備_負,主要是因為距離北車很近，到捷運站或是北車走路慢慢走大概，分內會到，這間還蠻明顯的，因為他算在內部，而他門口有巨大的招牌在提醒人們他在哪，一到門口就看到他們真的是老字號，感覺各種舊，電梯很舊，設備也有年紀感，那還好，至少沒飄著一股霉味，本次入住是時尚雙人房，在八樓，無窗，一個狹長型的住宿地點，服務人員接待十分普通，就是填寫與給證件換門卡，也沒跟你說飯店內有什麼設備能用，有飲水機還是自己發現，然後八樓的壞了住了三天都沒修好，問了櫃檯才知道門口還有一台飲水機，內部設備也感覺到沒什麼，兩瓶水與兩個綠茶包，總電源插卡開關下令人疑惑的房間定價，冷氣也算正常運作，房內也沒啥霉味，還有一個很難控的電視，但價格真的不貴，所以還，飯店隔音並不是很好，走在走廊上可以聽到有人在激戰，啪啪作響，但可惜的是只持續，分鐘，只能說那男的要加油啊。
637397cd39de7355c1044df3,價格_正,地點佳，從北車步行即可到達，設備齊全，乾淨整潔，價格實惠，平時到台北簡單小旅行的最佳選擇之一。
637397cd39de7355c1044df3,價格_中,位置優越價格便宜，其餘餐廳健身房等設施不開放略為可惜。
637397cd39de7355c1044df3,價格_負,價錢是挺便宜的，不過酒店位置剛好夾在西門町跟台北車站中間，搭車還是得走一段路，手機一進酒店房間收訊就完全收不到，只能用他們的，早餐普通，比較不滿的是床單不太乾淨竟然在被上看到小蟲螨，新酒店來講頗失望。
637397cd39de7355c1044df4,交通_正,晚班服務人員親切有禮，整潔乾淨，交通便利。
637397cd39de7355c1044df4,交通_中,住宿地點方便，離捷運超近，商圈也近，只是飯店本身稍舊，其餘部分還可以。
637397cd39de7355c1044df4,交通_負,要出差的話可以參考看看，沒有特約停車場，不過商旅附近有收費停車場。
637397cd39de7355c1044df4,早餐_正,房間乾淨，地理位置相當方便，服務人員態度很好，早餐豐富好吃。
637397cd39de7355c1044df4,早餐_中,週邊機能很好，交通也方便，住宿環境不錯，房間也很乾淨，浴室水壓很大，熱水很熱，櫃檯服務人員態度很好，覺得不錯。
637397cd39de7355c1044df4,早餐_負,交通便利，早餐有多樣中西式餐點，迷你雙人房型為半和式木地板，房間床墊軟硬適中舒適，有乾淨淋浴盥洗空間，基本房間設備一應俱全，唯房間可行走利用空間有限，適合有輕便行李，且短期住宿需求旅客。
637397cd39de7355c1044df4,房間_正,房間乾淨，地理位置相當方便，服務人員態度很好，早餐豐富好吃。
637397cd39de7355c1044df4,房間_中,位置很好，鬧區旁，房價便宜，房間乾淨，離東區信義區，捷運站都很近，唯一缺點房間小了點。
637397cd39de7355c1044df4,房間_負,一開始被安排在很恐怖的房間，房內燈光昏暗，不但格局相當奇怪，窗戶甚至被外面的招牌擋住所有的光線，椅子佈滿污漬，空氣中有股霉味，床墊硬的跟睡地板沒區別，更換房間後除了格局依然奇怪，其餘改善很多，但是與隔壁房中間有扇門，雖然有上鎖，還是覺得很不安心，最重要隔音非常差，隔壁房看電視的聲音，講話的聲音，吊掛衣服的聲音，都聽得一清二楚，而且天花板還有水管流水的聲音，如果你是淺眠或是注重睡眠品質的人，千萬不要住。
637397cd39de7355c1044df4,服務_正,晚班服務人員親切有禮，整潔乾淨，交通便利。
637397cd39de7355c1044df4,服務_中,週邊機能很好，交通也方便，住宿環境不錯，房間也很乾淨，浴室水壓很大，熱水很熱，櫃檯服務人員態度很好，覺得不錯。
637397cd39de7355c1044df4,服務_負,我們在第一個晚上睡覺的時候發現床單不太乾淨，我們睡了身體會癢，在凌晨兩點的時候聯繫了，客服，的客服的服務也是超級棒，因為在不到一分鐘的時間，飯店的前台就致電到我們房間，立即幫忙我們安排了新的房間。
637397cd39de7355c1044df4,設備_正,離捷運站出口很近，往各景點的各式交通也非常便捷
637397cd39de7355c1044df4,設備_中,週邊機能很好，交通也方便，住宿環境不錯，房間也很乾淨，浴室水壓很大，熱水很熱，櫃檯服務人員態度很好，覺得不錯。
637397cd39de7355c1044df4,設備_負,房間乾淨舒適備品齊全員工，速度快，唯獨睡在電梯旁邊到達樓層的電梯提醒非常吵，鄰近房間房客吵鬧聲也都聽得到。
637397cd39de7355c1044df4,價格_正,性價比相當高，服務相當好，有免費幫我升等。
637397cd39de7355c1044df4,價格_中,房間雖然乾淨，但可能對鼻子較為敏感的人需要再稍微考慮下，淋浴間非常不錯。
637397cd39de7355c1044df4,價格_負,飯店地段方便，但是房間大小及格局落差有點大，這次被安排到一間採光很差的房間，如果可能的話最好能先跟飯店工作人員確認房型在入住，整體來說以這個價位還是合理的。
637397cd39de7355c1044df5,交通_正,飯店位置地點佳，交通方便，房間有升等到高樓層，很舒適，美中不足的是飯店的停車位稍少，周遭有付費停車位。
637397cd39de7355c1044df5,交通_中,性價比高地理位置棒，平面停車場停車方便，櫃台人員態度好但是沒有提供手機充電的電源線，房間調整缺乏授權。
637397cd39de7355c1044df5,交通_負,抵達飯店停車場時，相關工作人員在睡覺，引導停車位一下左邊一下右邊，等我們停好又請我們換位置，浪費不少時間，到櫃台，櫃檯人員還要顧客放壓金一千元退房才歸還，整體算是不太方便，樓層感覺比較老舊了，還好室內都還算乾淨也沒有怪味，服務人員服務很親切也會盡量幫忙，交通是真的方便，大家可以參考看看，停車位有沒有要看當天狀況，一切都是早到早停。
637397cd39de7355c1044df5,早餐_正,乾淨舒爽整潔到位，每個地方都非常的用心，價錢又便宜非常值得推薦的一家好飯店，樓的自助餐品質好服務好，東西新鮮價格便宜，到台北的唯一選擇，真的喜歡這家飯店一定會再來。
637397cd39de7355c1044df5,早餐_中,地理位置非常好走出去轉彎就是捷運站，房間乾淨，但是早餐糟透了，連續三天有果蠅在食物上飛，可能人力不足的關係，連續五天早上八點至八點半我用餐時，牛奶豆漿喝完了都完全沒有補充，楊桃發黃，客人用完的餐盤都沒有收，五天下來每天平均都有，桌都沒收，最讓我無法接受的是他們有整理的推車上面有廚餘，直接就推放在走道，客人走路都要繞道，或是直接靠近食物區，有拍照下來，有點噁心，是很不錯的飯店但強烈建議不要在該飯店用早餐，走出去很多家咖啡廳，星巴克或巷弄內都有販售早餐。
637397cd39de7355c1044df5,早餐_負,無論是飯店人員服務，飯店設施還是房間，可以說是國際級旅店，以價格來說本次住宿完全無可挑剔，不看價格單就地點，飯店本身，房間跟早餐來說完全是一流的水準，非常值得再去住。
637397cd39de7355c1044df5,房間_正,這次房間窗外就是，用餐購物很方便，房間也很乾淨舒適。
637397cd39de7355c1044df5,房間_中,地理位置非常好走出去轉彎就是捷運站，房間乾淨，但是早餐糟透了，連續三天有果蠅在食物上飛，可能人力不足的關係，連續五天早上八點至八點半我用餐時，牛奶豆漿喝完了都完全沒有補充，楊桃發黃，客人用完的餐盤都沒有收，五天下來每天平均都有，桌都沒收，最讓我無法接受的是他們有整理的推車上面有廚餘，直接就推放在走道，客人走路都要繞道，或是直接靠近食物區，有拍照下來，有點噁心，是很不錯的飯店但強烈建議不要在該飯店用早餐，走出去很多家咖啡廳，星巴克或巷弄內都有販售早餐。
637397cd39de7355c1044df5,房間_負,房間和服務都不錯，地點也很好，特地帶朋友來老飯店就是相信飯店會比一些新型小旅店來的更舒適更值得信任，畢竟希望外國友人回到飯店可以安心休息，唯一的缺點當下較難解決的是空調和衛浴，櫃檯告知暖氣是中央空調無法控制，雖然可以提供電扇但是我們覺得溫度還是很難調整就婉拒了，另外衛浴空間非常漂亮但浴缸的高度可能有安全上的問題，畢竟在浴缸裡沖澡泡澡要踏出浴缸，那高度實在不易跨越，尤其又是從水裡跨出且一旁皆無扶手的情況下，真的滿容易摔倒的，希望飯店能留意這個情形，蓮蓬頭也是一直處於無法調整至從蓮蓬頭出水，一直會跳回從下面水龍頭出水，沖澡非常不容易，我們兩人分別使用都有一樣的問題，應該不是我們有使用上的問題，當晚因為回飯店已晚又非常疲憊，因此只能儘快結束沖澡休息先，以上希望貴飯店能多加留意改善，謝謝。
637397cd39de7355c1044df5,服務_正,清潔人員與服務人員，服務態度佳。
637397cd39de7355c1044df5,服務_中,因為我們有老年人的關係，希望飯店方面提供方便的服務，飯店的服務人員知道之後也很樂意提供淋浴的房間，真的很友善很熱心。
637397cd39de7355c1044df5,服務_負,時房間還沒準備好，櫃台請我們在旁邊等待，可是過了三十分鐘都還沒來通知我們，卻看到櫃檯服務人員通知我們後面的外籍旅客可以入住，然後我們自己去櫃檯詢問，服務人員才從桌上拿起我們的房間鑰匙交給我們，雖然當天入住的人很多，但還是希望可以盡快入住。
637397cd39de7355c1044df5,設備_正,電燈開關設計不好，桌燈唯一關閉方式是拔掉電源，電視頻道超級少，只有，台，中國頻道就佔，唯一好處是交通方便，距離捷運站走路不用，分鐘。
637397cd39de7355c1044df5,設備_中,性價比高地理位置棒，平面停車場停車方便，櫃台人員態度好但是沒有提供手機充電的電源線，房間調整缺乏授權。的味道，插座超級少。
637397cd39de7355c1044df5,設備_負,無論是飯店人員服務，飯店設施還是房間，可以說是國際級旅店，以價格來說本次住宿完全無可挑剔，不看價格單就地點，飯店本身，房間跟早餐來說完全是一流的水準，非常值得再去住。
637397cd39de7355c1044df5,價格_正,乾淨舒爽整潔到位，每個地方都非常的用心，價錢又便宜非常值得推薦的一家好飯店，樓的自助餐品質好服務好，東西新鮮價格便宜，到台北的唯一選擇，真的喜歡這家飯店一定會再來。
637397cd39de7355c1044df5,價格_中,位置很好，價格很甜，房間整潔乾淨，只是等待入住的資料確認時間比較久一點，因為住宿的人總是很多，在市中心算便宜又平價的好旅宿。
637397cd39de7355c1044df5,價格_負,無論是飯店人員服務，飯店設施還是房間，可以說是國際級旅店，以價格來說本次住宿完全無可挑剔，不看價格單就地點，飯店本身，房間跟早餐來說完全是一流的水準，非常值得再去住。
637397cd39de7355c1044df6,交通_正,雙人床很棒，翻身的時候不會晃動太厲害，整體也很有設計感，還有桌子可以用電腦做事，沐浴乳跟洗髮精示好文的薰衣草味，美中不足就是搭捷運不方便，走地下街到北車上捷運要，分鐘，這裡更適合搭公車，旅店前有站牌。
637397cd39de7355c1044df6,交通_中,可以使用平板進行自助，房間雖然不大但走簡約工業風，整體很舒適不會有壓迫感，床底特別墊高有很大的空間供住客擺放行李箱，如果有進出國門或達成台鐵，高鐵的需求，此住宿點前往桃園機場或台北車站皆十分方便。
637397cd39de7355c1044df6,交通_負,地點方便近捷運等大眾運輸，整潔度高，住客平均水平也不差，顯少遇到會吸菸的住客，推薦給想來台北或者是同在台北的朋友們。
637397cd39de7355c1044df6,早餐_正,離寧夏夜市很近，品嚐美食非常方便
637397cd39de7355c1044df6,早餐_中,房間不大，但有浴缸，而且以台北的飯店價位來看，值超高，離機場捷運很近很方便。
637397cd39de7355c1044df6,早餐_負,位置距離捷運北門站走路大概五分鐘，房間小但設備齊全，浴室空間大而且有浴缸，熱水供應跟水壓都算穩定，自助入住滿方便的，但房間隔音較差，一點點聲音都聽的滿清楚的
637397cd39de7355c1044df6,房間_正,值高的住宿好地方，環境優美整齊，設計摩登簡約時尚，備品充足還有身體乳和潤髮乳，床軟硬適中好睡，電視螢幕比其他住過的大許多，浴室熱水一切無可挑剔，地點就在地下街出口附近，非常推薦。
637397cd39de7355c1044df6,房間_中,想要有浴缸的房型可在備註註明，地點離捷運站近，寧夏夜市走路，分鐘，騎附近的，也可，分鐘內抵達唐吉訶德，半夜要逛很方便，有對外窗，舒適的木地板，不會有地毯霉味，房價才，很推薦。
637397cd39de7355c1044df6,房間_負,位置距離捷運北門站走路大概五分鐘，房間小但設備齊全，浴室空間大而且有浴缸，熱水供應跟水壓都算穩定，自助入住滿方便的，但房間隔音較差，一點點聲音都聽的滿清楚的。
637397cd39de7355c1044df6,服務_正,房間乾淨，安靜，舒適，服務人員很熱心。
637397cd39de7355c1044df6,服務_中,非常優質的旅店，值超高，櫃檯很客氣，推動零接觸入住服務，房間乾淨整潔一切都很美好
637397cd39de7355c1044df6,服務_負,房間舒適，感覺新穎，服務人員很熱心，飯店還提供按摩預約跟代買伴手禮。
637397cd39de7355c1044df6,設備_正,離寧夏夜市很近，品嚐美食非常方便
637397cd39de7355c1044df6,設備_中,客服人員熱情親切
637397cd39de7355c1044df6,設備_負,位置距離捷運北門站走路大概五分鐘，房間小但設備齊全，浴室空間大而且有浴缸，熱水供應跟水壓都算穩定，自助入住滿方便的，但房間隔音較差，一點點聲音都聽的滿清楚的。
637397cd39de7355c1044df6,價格_正,位置方便，酒店很新。
637397cd39de7355c1044df6,價格_中,飯店裝潢很新，也離寧夏夜市很近，以這個價格來講，值很高
637397cd39de7355c1044df6,價格_負,之前住在一樓，這次住在樓上，周日晚上隔音比較差，都聽得到走廊及隔壁的聲音，但是以價格來說，乾淨整潔，價格優惠，地點離捷運站不遠
637397cd39de7355c1044df7,交通_正,到達當天剛好下著小雨，從停車場拎行李到飯店要走一小段路，如果有地下停車場會更好，早餐菜色還好不難吃。
637397cd39de7355c1044df7,交通_中,首先，兒童的遊樂區真的是蠻不錯的，但停車沒辦法停飯店旁邊的停車場要停附近的海線餐廳還要走過去真的是不太方便，尤其我們又帶嫩嬰加上天氣不好下雨，真的是很好狼狽。
637397cd39de7355c1044df7,交通_負,作為親子飯店，停車位在飯店旁的數量卻不多，不夠停的只能停在海洋世界，地質公園及特約停車場，偏偏標示不清，也無清楚的停車費退費辦理方式。
637397cd39de7355c1044df7,早餐_正,飯店在野柳地質公園跟海洋公園旁邊，很適合帶小孩來兩天一夜旅行，附設超大型遊戲室小孩玩到不想離開，服務人員很熱心，停車免費，這部份整體都很不錯。
637397cd39de7355c1044df7,早餐_中,近可直接於飯店親子館玩球池，飯店旁邊野柳地質公園，海洋世界也可玩一天，步行，分鐘則可至龜吼海灘，維納斯海岸玩玩沙，泡泡水，要吃海鮮也完全沒問題，附近或龜吼漁港餐廳一堆，跟飯店要嬰幼兒小澡盆還附送施巴沐浴乳三件組，超貼心，唯一美中不足的是飯店餐廳座位數跟不上飯店客房數，早餐晚點到可能要小排隊，晚餐吃到飽，去兩次都額滿沒訂到。
637397cd39de7355c1044df7,早餐_負,附近大多是海鮮餐廳，所以這次我訂了含晚餐的方案，感覺有些是非住房民眾來用餐的，因為在進入飯店的門口，幫我們量體溫的服務人員，也都會問要來住宿還是用餐，菜色方面以，來說，算是很少，熟食冷盤沒幾樣，沒有生魚片，有沙拉，玻璃瓶汽水，咖啡機，爆米花機，小蛋糕，冰淇淋櫃，現煮擔仔麵或米粉，整個用餐下來，燙蝦子很新鮮很好吃，補的也快，擔仔麵也，爆米花跟小蛋糕意外的不錯吃，冰淇淋很普，尤其是紅心芭樂口味，可能是解凍又結凍，口感像冰沙之外，味道還很淡，當天似乎有優惠，聽到隔壁桌大人，需不需要加一成我就不知道了，我自己是覺得不划算，但考量到地點，這附近也沒什麼吃的，晚上就更少了，攜老帶幼的時候，住宿有搭配晚餐很方便，由於晚餐會分時段，所以補菜，收餐盤都還滿勤的，隔天的早餐讓人徹底改觀，因為用餐時段是，人潮多集中在，前後，不致於沒位置坐，但入場要等，很多位置上餐盤也沒收，地上也有一些食物殘渣，感覺像戰場，食物方面其實，也是一樣品項不多，重點的白粥空了許久，最後補上的是很稀的地瓜粥，咖啡機兩台輪流當機，因為得坐到很遠的地方，還得不時跑過來看有沒有補，修理好了沒。
637397cd39de7355c1044df7,房間_正,真的很適合有帶小孩的家庭，遊樂設施很棒，小孩玩到不想回房，大人也可以玩的很開心，房間乾淨整潔，下次還會再來。
637397cd39de7355c1044df7,房間_中,近可直接於飯店親子館玩球池，飯店旁邊野柳地質公園，海洋世界也可玩一天，步行，分鐘則可至龜吼海灘，維納斯海岸玩玩沙，泡泡水，要吃海鮮也完全沒問題，附近或龜吼漁港餐廳一堆，跟飯店要嬰幼兒小澡盆還附送施巴沐浴乳三件組，超貼心，唯一美中不足的是飯店餐廳座位數跟不上飯店客房數，早餐晚點到可能要小排隊，晚餐吃到飽，去兩次都額滿沒訂到。
637397cd39de7355c1044df7,房間_負,兩人房房型，一進去電視桌面一層超厚的灰塵，可能是因為很久沒住人，床單有一粒一粒黑黑的，後來有請房務人員在幫忙清潔一次，雖然清潔後床單可能還是沒換，關於硬體廁所牆邊發霉，蓮蓬頭出水孔也都黑黑的，有點要解體，浴室排水孔排水慢，後來自己打開拉一下下面的蓋子，才好一點，選禁菸房但是因為可能空調還是殘留味道，所以整間還是有煙味，蠻重的，因為當初是看評價不錯選這間，希望飯店能監察一下每間房間的設備，在每位房客前能在清潔乾淨，不然不會想再次入住，家庭還是蠻適合親子設施都不錯，可能我們剛好遇到的房間比較差，給你們參考。
637397cd39de7355c1044df7,服務_正,地理位置很棒以外，飯店的遊樂設施大小朋友都能玩得不亦樂乎，房間乾淨舒適，早餐和一樓的餐點令人滿意，服務人員非常親切熱情，超適合一家大小前來一場生態之旅。
637397cd39de7355c1044df7,服務_中,以平價親子飯店來說，性價比算是很好，親子設備，空間，不錯，用餐部分，自助餐房客省一成服務費，有帶小孩的家庭，很實惠。
637397cd39de7355c1044df7,服務_負,優點為早餐品質好種類多，離旅遊景點進，房間空間大，提供孩童休閒設施完善，休息區寬大，不足地方為可能旅客較多，服務人員有點疲憊感，但尚親切，大床是用兩張單人床合一起的可以改善，房間部分地方如洗手台等死角區定期可以做一次大清潔，房間隔音中上，餐廳用餐區靠外邊桌椅部分老舊可換新。
637397cd39de7355c1044df7,設備_正,第一次帶寶貝住親子飯店，這次入主海景房，雖然浴室設備有些老舊，但該有的設備都有，親子館的設施非常棒，一館大廳的咖啡廳餐點非常好吃，走路到對面有野柳質地公園和海洋世界可以走走，整體來說適合小孩和帶爸媽的好去處喔。
637397cd39de7355c1044df7,設備_中,離野柳海洋世界只有散步距離，但也要小孩願意離開飯店的遊樂設施。
637397cd39de7355c1044df7,設備_負,這次，大，小，住的是三人房位在另一館，房間設施就很一般，但訂房時有註明特殊需求，像是消毒鍋，嬰兒澡盆，沒有一樣提供，時也沒說，房間隔音超差，的早餐個人覺得不太好吃，唯一讓我覺得很好的，應該就是，樓的親子館，設施很棒，工作人員也會隨時注意現場狀況。
637397cd39de7355c1044df7,價格_正,飯店價格親民之外，對帶孩子的爸媽來說服務也很好，加上地點接近大自然，很適合帶孩子學習，遊玩。
637397cd39de7355c1044df7,價格_中,以平價親子飯店來說，性價比算是很好，親子設備，空間，不錯，用餐部分，自助餐房客省一成服務費，有帶小孩的家庭，很實惠。
637397cd39de7355c1044df7,價格_負,臨時旅遊在，找到滿優惠的價格入住，品悅雙人房，房間滿大的，也有浴缸，房間也算乾淨，硬體設施滿值得再來的，但是，服務人員服務雖然不算差，但也稱不上親切有禮。
637397cd39de7355c1044df8,交通_正,距離捷運站步行約五分鐘，附有地下室停車場，停車收費合理。
637397cd39de7355c1044df8,交通_中,缺點是雖然離捷運中山國小站出口，分路程，但從大直過去，光搭捷運轉車換了兩條線，就花，分鐘，搭公車或打，快多了，對外地人而言，要坐捷運倒不如去住北車附近比較快，附近除了很大間的寶雅以外，臨時要買宵夜或其他東西，就要走比較遠了。
637397cd39de7355c1044df8,交通_負,優點是內外整體設施都很新，還有按摩椅，射飛鏢等，公共環境的廁所，淋浴間各約十幾間，不太需要等待，交誼廳就在電梯旁，到處都是燈光明亮舒適，免費早餐項目多，餐廳的出餐跟收拾的速度都很快，不過入住的房客太多，相對來說，位置就顯得不夠，除非一大早先用餐。
637397cd39de7355c1044df8,早餐_正,酒店位置不錯，捷運中山國小站步行只要，分鐘，櫃台及行李服務員都非常有禮友善，未到入住時間幫忙寄放行李，登記手續也很快速，亦講解各項資料，進入房間非常滿意，麻雀須小五臟俱全，有窗戶景觀，沐浴水量亦充足又，小時有熱水，房間淨潔夠光亮，自助早餐也很不錯。
637397cd39de7355c1044df8,早餐_中,環境整潔乾淨，入住雙人房空間還算足夠，衛浴非常乾淨，床也很好睡，雖然隔音不是到太完美，難免會有小聲音，但還可以接受，服務人員非常親切，早餐也很好吃，公共區域能使用的桌球臺，按摩椅也都很不錯，非常推薦入住。
637397cd39de7355c1044df8,早餐_負,旅館本身很大，青年旅舍的部份在二樓右手邊一直走過去，服務人員說明時講很快沒聽清楚，差點找不到，而且也沒有講有儲物櫃的事情，早餐時間也用講的帶過，建議將該交待的事情做成一張單子貼在房間內，房間內有說明，可是都是棉被帶走要多少錢這種公告，然後地圖也標示的不清楚，儲物櫃跟廁所還有淋浴間我是自己繞一圈找到的，青年旅舍的部份每隔幾間房會有飲水機跟洗手檯，廁所跟淋浴間應該是位在一，二樓的夾層中，所以不會吹到其它房客，女生是在同一個空間裡，外面有打霧的玻璃門跟隔廉，進去後是洗手檯跟化妝檯，很多女生都在那邊吹頭髮順便聊天，再走進去是廁所，再往裡面才是淋浴間，廁所跟淋浴間很多，而且算蠻乾淨的。
637397cd39de7355c1044df8,房間_正,酒店位置不錯，捷運中山國小站步行只要，分鐘，櫃台及行李服務員都非常有禮友善，未到入住時間幫忙寄放行李，登記手續也很快速，亦講解各項資料，進入房間非常滿意，麻雀須小五臟俱全，有窗戶景觀，沐浴水量亦充足又，小時有熱水，房間淨潔夠光亮，自助早餐也很不錯。
637397cd39de7355c1044df8,房間_中,環境整潔乾淨，入住雙人房空間還算足夠，衛浴非常乾淨，床也很好睡，雖然隔音不是到太完美，難免會有小聲音，但還可以接受，服務人員非常親切，早餐也很好吃，公共區域能使用的桌球臺，按摩椅也都很不錯，非常推薦入住。
637397cd39de7355c1044df8,房間_負,雖然不是第一次住這了，不過這次比較特別住九人房，房間位置稍嫌隱密了點差點找不到，房間很大有電視跟冰箱，廁所跟衛浴是共用的在房間外面，早餐建議八點左右去吃人比較沒那麼多，團體住宿很推薦這間喔。
637397cd39de7355c1044df8,服務_正,房間舒適寬敞，服務很親切，值高，很值得來住。
637397cd39de7355c1044df8,服務_中,可能疫情的影響早餐和服務都有小小縮水了，之前交誼廳還提供兩種冷飲和茶包，現在兩種冷飲無提供只剩茶包了。
637397cd39de7355c1044df8,服務_負,雖然房間不大，但很舒適，服務人員也很有禮貌，公共空間很大且有許多娛樂設施，唯一較美中不足的是用早餐的地方，餐點，與拿餐點的動線與座位數皆無法應付住客數，讓早餐的場面有點混亂，其餘皆很不錯，會考慮再次入住
637397cd39de7355c1044df8,設備_正,乾淨舒適，多種房型可以選擇，還有提供自助洗衣機，撞球檯，距離中山國小捷運站，分鐘，旁邊寶雅可以補貨。
637397cd39de7355c1044df8,設備_中,離中山國小站很近，有免費按摩座椅跟撞球台，二樓有開放式大廳，很多座椅，背包宿舍是四人間，相對安靜，有遮光拉簾，可惜床邊，插頭充電很慢，建議還是使用自己的豆腐頭去插插座，貴重物品需鎖在外面，房內無個人櫃。
637397cd39de7355c1044df8,設備_負,入住一個晚上，房間乾淨，但空間稍嫌擁擠，可以放東西的桌面也不夠大，不過設備新穎，將各種開關整合在電話上挺不錯，公共的交誼空間很大也很舒適，也附有按摩椅可免費使用，飯店入口較難找，位於巷弄內，但總體而言是值得入住的旅店，價格也很不錯，若有機會會再訪
637397cd39de7355c1044df8,價格_正,早餐算還不錯，房間也乾淨整齊，這樣的價格住到的房間算還不錯，樓下就是寶雅很方便。
637397cd39de7355c1044df8,價格_中,房間還蠻乾淨的，離捷運站走路只要，分鐘，很可惜沒有附停車位，不過這種價格來說已經算很好了。
637397cd39de7355c1044df8,價格_負,房間很小很擁擠無法體現價格和性能的對比，相對住宿來說，似乎太過於偏重在公用設施上，如娛樂室，大廳，休閒廳和餐廳，反而犧牲掉旅客注重的住宿品質，被子太厚重，隔音不好，插座太少，只有一個，而且還得挪開床頭櫃才能用，這個有點雷，以探索系列旅館來說，這間分館還有很大的改進空間。
